titulo,data_publicacao,link,instituicao_sigla,instituicao_nome,uf,tipo,categoria,coletado_em
Campus Itapetinga abre seleção para 74 vagas em três cursos de graduação,2026-07-22,https://ifbaiano.edu.br/portal/blog/campus-itapetinga-abre-selecao-para-74-vagas-em-tres-cursos-de-graduacao/,IFBAIANO,Instituto Federal Baiano,BA,IF,Destaque,2026-07-22T14:51:41.497519+00:00
Aberta chamada pública para afastamento de servidores TAE em cursos de pós-graduação stricto sensu,2026-07-22,https://ifbaiano.edu.br/portal/blog/aberta-chamada-publica-para-afastamento-de-servidores-tae-em-cursos-de-pos-graduacao-stricto-sensu/,IFBAIANO,Instituto Federal Baiano,BA,IF,Destaque,2026-07-22T14:51:41.497542+00:00
IF Baiano abre consulta sobre regulamentos de TCC e de Atividades Complementares dos cursos de graduação,2026-07-21,https://ifbaiano.edu.br/portal/blog/if-baiano-abre-consulta-sobre-regulamentos-de-tcc-e-de-atividades-complementares-dos-cursos-de-graduacao/,IFBAIANO,Instituto Federal Baiano,BA,IF,Destaque,2026-07-22T14:51:41.497556+00:00
IF Baiano lança edital de apoio à participação de servidores em eventos científicos,2026-07-21,https://ifbaiano.edu.br/portal/blog/if-baiano-lanca-edital-de-apoio-a-participacao-de-servidores-em-eventos-cientificos/,IFBAIANO,Instituto Federal Baiano,BA,IF,Destaque,2026-07-22T14:51:41.497568+00:00
IF Baiano recebe inscrições para eleição de membros do Comitê Gestor do Sistema de Bibliotecas,2026-07-21,https://ifbaiano.edu.br/portal/blog/if-baiano-recebe-inscricoes-para-eleicao-de-membros-do-comite-gestor-do-sistema-de-bibliotecas/,IFBAIANO,Instituto Federal Baiano,BA,IF,Destaque,2026-07-22T14:51:41.497580+00:00
Pós-graduação do IF Baiano em Educação Inclusiva entra na etapa de defesas de TCC,2026-07-20,https://ifbaiano.edu.br/portal/blog/pos-graduacao-do-if-baiano-em-educacao-inclusiva-entra-na-etapa-de-defesas-de-tcc/,IFBAIANO,Instituto Federal Baiano,BA,IF,Destaque,2026-07-22T14:51:41.497591+00:00
IF Baiano abre seleção para 21 vagas remanescentes no Curso Técnico em Agropecuária do Campus Serrinha,2026-07-20,https://ifbaiano.edu.br/portal/blog/if-baiano-abre-selecao-para-21-vagas-remanescentes-no-curso-tecnico-em-agropecuaria-do-campus-serrinha/,IFBAIANO,Instituto Federal Baiano,BA,IF,Destaque,2026-07-22T14:51:41.497603+00:00
Campus Guanambi oferta vagas para alunos especiais no Mestrado Profissional em Produção Vegetal no Semiárido,2026-07-17,https://ifbaiano.edu.br/portal/blog/campus-guanambi-oferta-vagas-para-alunos-especiais-no-mestrado-profissional-em-producao-vegetal-no-semiarido/,IFBAIANO,Instituto Federal Baiano,BA,IF,Destaque,2026-07-22T14:51:41.497613+00:00
IF Baiano abre editais para concessão de auxílios de assistência estudantil em quatro campi,2026-07-17,https://ifbaiano.edu.br/portal/blog/if-baiano-abre-editais-para-concessao-de-auxilios-de-assistencia-estudantil-em-quatro-campi/,IFBAIANO,Instituto Federal Baiano,BA,IF,Destaque,2026-07-22T14:51:41.497624+00:00
IF Baiano abre seleção para projetos de Iniciação Científica em Ações Afirmativas com bolsas de R$ 700 mensais,2026-07-17,https://ifbaiano.edu.br/portal/blog/if-baiano-abre-selecao-para-projetos-de-iniciacao-cientifica-em-acoes-afirmativas-com-bolsas-de-r-700-mensais/,IFBAIANO,Instituto Federal Baiano,BA,IF,Destaque,2026-07-22T14:51:41.497636+00:00
IFPE publica Instrução Normativa que orienta sobre a concessão do RSC-TAE,2026-07-21,https://portal.ifpe.edu.br/noticias/publicada-instrucao-normativa/,IFPE,Instituto Federal de Pernambuco,PE,IF,Notícias,2026-07-22T14:51:43.464216+00:00
Seleção de Estágio no IFPE | Divulgado Resultado Parcial do Procedimento de Heteroidentificação,2026-07-21,https://portal.ifpe.edu.br/noticias/selecao-de-estagio-no-ifpe-divulgado-resultado-parcial-do-procedimento-de-heteroidentificacao/,IFPE,Instituto Federal de Pernambuco,PE,IF,Notícias,2026-07-22T14:51:43.464237+00:00
Publicada lista final da matrícula e da verificação étnico-racial da chamada regular do Processo de Ingresso 2026.2,2026-07-20,https://portal.ifpe.edu.br/noticias/publicada-lista-final-da-matricula-e-da-verificacao-etnico-racial-da-chamada-regular-do-processo-de-ingresso-2026-2/,IFPE,Instituto Federal de Pernambuco,PE,IF,Notícias,2026-07-22T14:51:43.464250+00:00
IFPE divulga cronograma de implementação do RSC-TAE,2026-07-20,https://portal.ifpe.edu.br/noticias/ifpe-divulga-cronograma-de-implementacao-do-rsc-tae/,IFPE,Instituto Federal de Pernambuco,PE,IF,Notícias,2026-07-22T14:51:43.464261+00:00
Prorrogada submissão de trabalhos para a I Mostra de Ensino do IFPE,2026-07-17,https://portal.ifpe.edu.br/noticias/prorrogada-submissao-de-trabalhos-para-a-i-mostra-de-ensino-do-ifpe/,IFPE,Instituto Federal de Pernambuco,PE,IF,Notícias,2026-07-22T14:51:43.464272+00:00
PET Conexão Periferia promove curso de informática para comunidades da Reserva Acaú-Goiana,2026-07-17,https://portal.ifpe.edu.br/noticias/pet-conexao-periferia-promove-curso-de-informatica-basica-para-comunidades-da-reserva-extrativista-acau-goiana/,IFPE,Instituto Federal de Pernambuco,PE,IF,Notícias,2026-07-22T14:51:43.464283+00:00
Pronasci Juventude divulga convocação para vagas remanescentes em Recife e Cabo de Santo Agostinho,2026-07-15,https://portal.ifpe.edu.br/noticias/pronasci-juventude-divulga-convocacao-para-vagas-remanescentes-em-recife-e-cabo-de-santo-agostinho/,IFPE,Instituto Federal de Pernambuco,PE,IF,Notícias,2026-07-22T14:51:43.464294+00:00
IFPE prorroga inscrições do edital de bolsas para projetos de extensão tecnológica,2026-07-15,https://portal.ifpe.edu.br/noticias/ifpe-prorroga-inscricoes-do-programa-de-bolsas-para-projetos-de-extensao-tecnologica/,IFPE,Instituto Federal de Pernambuco,PE,IF,Notícias,2026-07-22T14:51:43.464305+00:00
IFPE retifica Edital de Remoção Interna de Docentes (EBTT),2026-07-15,https://portal.ifpe.edu.br/noticias/ifpe-retifica-edital-de-remocao-interna-de-docentes-ebtt/,IFPE,Instituto Federal de Pernambuco,PE,IF,Notícias,2026-07-22T14:51:43.464314+00:00
"Chamada pública da SETEC/MEC apoia projetos de extensão voltados ao Acesso, Permanência e Êxito na Rede Federal",2026-07-15,https://portal.ifpe.edu.br/noticias/chamada-publica-da-setec-mec-apoia-projetos-de-extensao-voltados-ao-acesso-permanencia-e-exito-na-rede-federal/,IFPE,Instituto Federal de Pernambuco,PE,IF,Notícias,2026-07-22T14:51:43.464326+00:00
Publicada lista preliminar da matrícula e da verificação étnico-racial da chamada regular do Processo de Ingresso 2026.2,2026-07-14,https://portal.ifpe.edu.br/noticias/sai-lista-preliminar-da-matricula-e-da-verificacao-etnico-racial-da-chamada-regular-do-processo-de-ingresso-2026-2/,IFPE,Instituto Federal de Pernambuco,PE,IF,Notícias,2026-07-22T14:51:43.464337+00:00
"Pesquisadores do IFPE Recife criam o FilterBoat, tecnologia voltada para o tratamento de águas contaminadas",2026-07-10,https://portal.ifpe.edu.br/noticias/pesquisadores-do-ifpe-recife-criam-o-filterboat-tecnologia-voltada-para-o-tratamento-de-aguas-contaminadas/,IFPE,Instituto Federal de Pernambuco,PE,IF,Notícias,2026-07-22T14:51:43.464348+00:00
IFPE abre vagas para curso gratuito de Eletricista Industrial,2026-07-10,https://portal.ifpe.edu.br/noticias/ifpe-abre-vagas-para-curso-gratuito-de-eletricista-industrial/,IFPE,Instituto Federal de Pernambuco,PE,IF,Notícias,2026-07-22T14:51:43.464358+00:00
Conif lança concurso para escolher a mascote oficial dos Jogos das Instituições Federais,2026-07-09,https://portal.ifpe.edu.br/noticias/conif-lanca-concurso-para-escolher-a-mascote-oficial-dos-jogos-das-instituicoes-federais/,IFPE,Instituto Federal de Pernambuco,PE,IF,Notícias,2026-07-22T14:51:43.464369+00:00
IFPE disponibiliza acesso ao módulo do PGD no SUAP a partir de 10 de julho,2026-07-09,https://portal.ifpe.edu.br/noticias/ifpe-disponibiliza-acesso-ao-modulo-do-pgd-no-suap-a-partir-de-10-de-julho/,IFPE,Instituto Federal de Pernambuco,PE,IF,Notícias,2026-07-22T14:51:43.464379+00:00
I Mostra de Ensino do IFPE recebe trabalhos até 19 de julho,2026-07-09,https://portal.ifpe.edu.br/noticias/i-mostra-de-ensino-do-ifpe-recebe-trabalhos-ate-19-de-julho/,IFPE,Instituto Federal de Pernambuco,PE,IF,Notícias,2026-07-22T14:51:43.464389+00:00
"MEC seleciona projetos para fortalecer ações de acesso, permanência e êxito estudantil",2026-07-22,https://www.ifmg.edu.br/portal/noticias/mec-seleciona-projetos-para-fortalecer-acoes-de-acesso-permanencia-e-exito-estudantil,IFMG,Instituto Federal de Minas Gerais,MG,IF,Geral,2026-07-22T14:51:43.840930+00:00
Campus Formiga abre inscrições para pós-graduação gratuita em Matemática,2026-07-21,https://www.ifmg.edu.br/portal/noticias/ifmg-abre-inscricoes-para-pos-graduacao-gratuita-em-matematica,IFMG,Instituto Federal de Minas Gerais,MG,IF,Geral,2026-07-22T14:51:43.840948+00:00
Inscrições abertas para pós-graduação EaD em Administração Pública,2026-07-21,https://www.ifmg.edu.br/portal/noticias/inscricoes-abertas-para-pos-graduacao-ead-em-administracao-publica,IFMG,Instituto Federal de Minas Gerais,MG,IF,Geral,2026-07-22T14:51:43.840959+00:00
RSC-TAE: publicadas a portaria da Comissão de Avaliadores e a primeira Instrução Normativa,2026-07-20,https://www.ifmg.edu.br/portal/noticias/rsc-tae-publicadas-a-portaria-da-comissao-de-avaliadores-e-a-primeira-instrucao-normativa,IFMG,Instituto Federal de Minas Gerais,MG,IF,Geral,2026-07-22T14:51:43.840970+00:00
"Campus Bambuí abre inscrições para reingresso, transferências e novo título",2026-07-17,https://www.ifmg.edu.br/portal/noticias/giro_campi/campus-bambui-abre-inscricoes-para-reingresso-transferencias-e-obtencao-de-novo-titulo,IFMG,Instituto Federal de Minas Gerais,MG,IF,Geral,2026-07-22T14:51:43.840980+00:00
Campus Arcos recebe inscrições para programa gratuito de Jiu-Jitsu,2026-07-17,https://www.ifmg.edu.br/portal/noticias/giro_campi/campus-arcos-recebe-inscricoes-para-programa-gratuito-de-jiu-jitsu-educacional-e-inclusao-social,IFMG,Instituto Federal de Minas Gerais,MG,IF,Geral,2026-07-22T14:51:43.840991+00:00
Pesquisaí recebe pesquisadora do IFMG contemplada com bolsa de Produtividade do CNPq,2026-07-17,https://www.ifmg.edu.br/portal/noticias/pesquisai-recebe-primeira-pesquisadora-do-ifmg-contemplada-com-bolsa-de-produtividade-em-pesquisa-do-cnpq,IFMG,Instituto Federal de Minas Gerais,MG,IF,Geral,2026-07-22T14:51:43.841001+00:00
IFMG aprova Plano Diretor de Logística Sustentável 2026-2030,2026-07-16,https://www.ifmg.edu.br/portal/noticias/ifmg-aprova-plano-diretor-de-logistica-sustentavel-2026-2030,IFMG,Instituto Federal de Minas Gerais,MG,IF,Geral,2026-07-22T14:51:43.841010+00:00
Seleção de colaborador para atuar na 16ª edição do Encontro Esportivo,2026-07-16,https://www.ifmg.edu.br/portal/noticias/selecao-de-colaborador-para-atuar-no-16o-encontro-esportivo,IFMG,Instituto Federal de Minas Gerais,MG,IF,Geral,2026-07-22T14:51:43.841020+00:00
Edital oferece apoio financeiro para formalizar atléticas estudantis,2026-07-16,https://www.ifmg.edu.br/portal/noticias/edital-oferece-apoio-financeiro-para-formalizar-atleticas-estudantis,IFMG,Instituto Federal de Minas Gerais,MG,IF,Geral,2026-07-22T14:51:43.841031+00:00
IFMG atualiza informações sobre a implantação do RSC para técnicos administrativos,2026-07-16,https://www.ifmg.edu.br/portal/noticias/ifmg-atualiza-informacoes-sobre-a-implantacao-do-rsc-para-tecnicos-administrativos,IFMG,Instituto Federal de Minas Gerais,MG,IF,Geral,2026-07-22T14:51:43.841041+00:00
Campus Arcos amplia oferta de pós-graduação com aprovação de dois novos cursos,2026-07-15,https://www.ifmg.edu.br/portal/noticias/giro_campi/campus-arcos-amplia-oferta-de-pos-graduacao-com-aprovacao-de-dois-novos-cursos,IFMG,Instituto Federal de Minas Gerais,MG,IF,Geral,2026-07-22T14:51:43.841051+00:00
II Seminário Internacional do Programa Delfín IFMG começa nesta terça-feira (14),2026-07-14,https://www.ifmg.edu.br/portal/noticias/ii-seminario-internacional-do-programa-delfin-ifmg-comeca-nesta-terca-feira-14,IFMG,Instituto Federal de Minas Gerais,MG,IF,Geral,2026-07-22T14:51:43.841061+00:00
IFMG recebe trabalhos para o VI Seminário em Educação Profissional e Tecnológica,2026-07-14,https://www.ifmg.edu.br/portal/noticias/ifmg-recebe-trabalhos-para-o-vi-seminario-em-educacao-profissional-e-tecnologica,IFMG,Instituto Federal de Minas Gerais,MG,IF,Geral,2026-07-22T14:51:43.841070+00:00
IFMG lança edital para escolha de mascote e logomarca esportiva,2026-07-14,https://www.ifmg.edu.br/portal/noticias/ifmg-lanca-edital-para-escolha-de-mascote-e-logomarca-esportiva,IFMG,Instituto Federal de Minas Gerais,MG,IF,Geral,2026-07-22T14:51:43.841079+00:00
Inscrições abertas para curso gratuito de inglês,2026-07-14,https://www.ifmg.edu.br/portal/noticias/ifmg-abre-inscricoes-para-curso-gratuito-de-ingles,IFMG,Instituto Federal de Minas Gerais,MG,IF,Geral,2026-07-22T14:51:43.841088+00:00
IFMG seleciona servidor para atuar na coordenação da pós-graduação em Ensino de Ciências e Matemática da UAB,2026-07-14,https://www.ifmg.edu.br/portal/noticias/ifmg-seleciona-servidor-para-atuar-na-coordenacao-da-pos-graduacao-em-ensino-de-ciencias-e-matematica-da-uab,IFMG,Instituto Federal de Minas Gerais,MG,IF,Geral,2026-07-22T14:51:43.841099+00:00
90 vagas abertas para cursos técnicos nos campi Betim e Ibirité,2026-07-13,https://www.ifmg.edu.br/portal/noticias/90-vagas-abertas-para-cursos-tecnicos-nos-campi-betim-e-ibirite,IFMG,Instituto Federal de Minas Gerais,MG,IF,Geral,2026-07-22T14:51:43.841108+00:00
Quadro de Vagas 18 - Edital 002/2026,2026-07-10,https://www.ifmg.edu.br/portal/progep/quadro-de-vagas-18-edital-002-2026,IFMG,Instituto Federal de Minas Gerais,MG,IF,Geral,2026-07-22T14:51:43.841117+00:00
IFMG abre inscrições para curso gratuito de Coreano,2026-07-10,https://www.ifmg.edu.br/portal/noticias/ifmg-abre-inscricoes-para-curso-gratuito-de-coreano,IFMG,Instituto Federal de Minas Gerais,MG,IF,Geral,2026-07-22T14:51:43.841126+00:00
Conif lança concurso para escolher a mascote oficial dos Jogos das Instituições Federais,2026-07-09,https://www.ifmg.edu.br/portal/noticias/conif-lanca-concurso-para-escolher-a-mascote-oficial-dos-jogos-das-instituicoes-federais,IFMG,Instituto Federal de Minas Gerais,MG,IF,Geral,2026-07-22T14:51:43.841136+00:00
Oitavo episódio do videocast Pesquisaí aborda funcionalidades de sistema para gestão da Pesquisa,2026-07-09,https://www.ifmg.edu.br/portal/noticias/oitavo-episodio-do-videocast-pesquisai-aborda-funcionalidades-do-suap-para-gestao-da-pesquisa,IFMG,Instituto Federal de Minas Gerais,MG,IF,Geral,2026-07-22T14:51:43.841147+00:00
"Conselho Superior realiza 41ª reunião ordinária na terça-feira, 14 de julho",2026-07-08,https://www.ifmg.edu.br/portal/noticias/conselho-superior-realiza-41a-reuniao-ordinaria-na-terca-feira-14-de-julho,IFMG,Instituto Federal de Minas Gerais,MG,IF,Geral,2026-07-22T14:51:43.841156+00:00
Proen seleciona servidores para atuar na revisão das provas do Processo Seletivo,2026-07-08,https://www.ifmg.edu.br/portal/noticias/proen-seleciona-servidores-para-atuar-na-revisao-das-provas-do-processo-seletivo,IFMG,Instituto Federal de Minas Gerais,MG,IF,Geral,2026-07-22T14:51:43.841166+00:00
Edital seleciona bolsista para atuar como assistente de estúdio/audiovisual em Valadares,2026-07-08,https://www.ifmg.edu.br/portal/noticias/edital-seleciona-bolsista-para-atuar-como-assistente-de-estudio-audiovisual-em-valadares,IFMG,Instituto Federal de Minas Gerais,MG,IF,Geral,2026-07-22T14:51:43.841175+00:00
Mais de 100 vagas abertas em João Monlevade para cursos gratuitos e contratação de profissionais,2026-07-08,https://www.ifmg.edu.br/portal/noticias/mais-de-100-vagas-estao-abertas-para-cursos-contratacao-de-professores-e-profissionais-de-apoio-no-campus-joao-monlevade,IFMG,Instituto Federal de Minas Gerais,MG,IF,Geral,2026-07-22T14:51:43.841186+00:00
Diversidade nas Bancas de Concursos e Processos Seletivos,2026-07-07,https://www.ifmg.edu.br/portal/progep/diversidade-nas-bancas-de-concursos-e-processos-seletivos,IFMG,Instituto Federal de Minas Gerais,MG,IF,Geral,2026-07-22T14:51:43.841194+00:00
Diversidade nas Bancas de Concursos e Processos Seletivos,2026-07-07,https://www.ifmg.edu.br/portal/progep/desenvolvimento-de-pessoas/setor-de-diversidade-e-inclusao/diversidade-nas-bancas-de-concursos-e-processos-seletivos,IFMG,Instituto Federal de Minas Gerais,MG,IF,Geral,2026-07-22T14:51:43.841203+00:00
Pesquisaí chega ao sétimo episódio da segunda temporada e apresenta o Ecossistema de Formação de Professores,2026-07-03,https://www.ifmg.edu.br/portal/noticias/pesquisai-chega-ao-setimo-episodio-da-segunda-temporada-e-apresenta-o-ecossistema-de-formacao-de-professores,IFMG,Instituto Federal de Minas Gerais,MG,IF,Geral,2026-07-22T14:51:43.841214+00:00
Canais de comunicação do IFMG passam por adequações para o defeso eleitoral 2026,2026-07-03,https://www.ifmg.edu.br/portal/noticias/canais-oficiais-e-redes-sociais-passam-por-adequacoes-para-o-periodo-de-defeso-eleitoral-2026,IFMG,Instituto Federal de Minas Gerais,MG,IF,Geral,2026-07-22T14:51:43.841225+00:00
Audiência discute avanços para a alimentação escolar no IFMG,2026-07-02,https://www.ifmg.edu.br/portal/noticias/audiencia-discute-avancos-para-a-alimentacao-escolar-no-ifmg,IFMG,Instituto Federal de Minas Gerais,MG,IF,Geral,2026-07-22T14:51:43.841234+00:00
Institutos Federais podem inscrever relatos de experiências em edital do Forcampo,2026-07-02,https://www.ifmg.edu.br/portal/noticias/institutos-federais-podem-inscrever-relatos-de-experiencias-em-edital-do-forcampo,IFMG,Instituto Federal de Minas Gerais,MG,IF,Geral,2026-07-22T14:51:43.841243+00:00
Quadro de Vagas 17 - Edital 002/2026,2026-07-02,https://www.ifmg.edu.br/portal/progep/quadro-de-vagas-17-edital-002-2026,IFMG,Instituto Federal de Minas Gerais,MG,IF,Geral,2026-07-22T14:51:43.841252+00:00
IFMG seleciona servidor para atuar na pós-graduação em Administração Pública do programa UAB,2026-07-02,https://www.ifmg.edu.br/portal/noticias/ifmg-seleciona-servidor-para-atuar-na-pos-graduacao-em-administracao-publica-do-programa-uab,IFMG,Instituto Federal de Minas Gerais,MG,IF,Geral,2026-07-22T14:51:43.841261+00:00
FAPIFMG dá as boas-vindas a novos colaboradores,2026-07-02,https://www.ifmg.edu.br/portal/fapifmg/noticias/fapifmg-da-as-boas-vindas-a-novos-colaboradores,IFMG,Instituto Federal de Minas Gerais,MG,IF,Geral,2026-07-22T14:51:43.841270+00:00
"Campus Ponte Nova marca presença no “1º Encontro Criar – Crianças, Adolescentes e Regionalidades”, na UFV",2026-06-30,https://www.ifmg.edu.br/portal/noticias/campus-ponte-nova-marca-presenca-no-201c1o-encontro-criar-2013-criancas-adolescentes-e-regionalidades201d-na-ufv,IFMG,Instituto Federal de Minas Gerais,MG,IF,Geral,2026-07-22T14:51:43.841282+00:00
"Projeto ""Estúdio em Movimento"" encerra ciclo após consolidar rede de estúdios do IFMG",2026-06-30,https://www.ifmg.edu.br/portal/noticias/projeto-estudio-em-movimento-encerra-ciclo-apos-consolidar-rede-de-estudios-do-ifmg,IFMG,Instituto Federal de Minas Gerais,MG,IF,Geral,2026-07-22T14:51:43.841292+00:00
Olimpíada de Inovação: divulgado resultado da primeira fase,2026-06-25,https://www.ifmg.edu.br/portal/noticias/olimpiada-de-inovacao-divulgado-resultado-da-primeira-fase,IFMG,Instituto Federal de Minas Gerais,MG,IF,Geral,2026-07-22T14:51:43.841301+00:00
“Conexão EaD”: IFMG estreia videocast sobre Educação a Distância,2026-06-25,https://www.ifmg.edu.br/portal/noticias/201cconexao-ead201d-ifmg-estreia-videocast-sobre-educacao-a-distancia,IFMG,Instituto Federal de Minas Gerais,MG,IF,Geral,2026-07-22T14:51:43.841310+00:00
Comunicação do IFMG se fortalece e aprimora suas ações institucionais,2026-06-25,https://www.ifmg.edu.br/portal/noticias/comunicacao-do-ifmg-se-fortalece-e-aprimora-suas-acoes-institucionais,IFMG,Instituto Federal de Minas Gerais,MG,IF,Geral,2026-07-22T14:51:43.841320+00:00
Informativo Eletrônico chega à edição 500 e celebra 16 anos de história,2026-06-25,https://www.ifmg.edu.br/portal/noticias/informativo-eletronico-chega-a-edicao-500-e-celebra-16-anos-de-historia,IFMG,Instituto Federal de Minas Gerais,MG,IF,Geral,2026-07-22T14:51:43.841330+00:00
Submissão de trabalhos para o Planeta IFMG 2026 tem prazo prorrogado,2026-06-25,https://www.ifmg.edu.br/portal/noticias/inscricoes-abertas-para-submissao-de-trabalhos-no-planeta-ifmg-2026,IFMG,Instituto Federal de Minas Gerais,MG,IF,Geral,2026-07-22T14:51:43.841339+00:00
Quadro de Vagas 16 - Edital 002/2026,2026-06-25,https://www.ifmg.edu.br/portal/progep/quadro-de-vagas-16-edital-002-2026,IFMG,Instituto Federal de Minas Gerais,MG,IF,Geral,2026-07-22T14:51:43.841348+00:00
Confira o resultado da seleção de bolsistas para projeto da AGCTIE,2026-06-24,https://www.ifmg.edu.br/portal/noticias/confira-o-resultado-da-selecao-de-bolsistas-para-projeto-da-agctie,IFMG,Instituto Federal de Minas Gerais,MG,IF,Geral,2026-07-22T14:51:43.841357+00:00
"Conselho Superior realiza 22ª reunião extraordinária nesta quinta-feira, 25 de junho",2026-06-22,https://www.ifmg.edu.br/portal/noticias/conselho-superior-realiza-22a-reuniao-extraordinaria-nesta-quinta-feira-25-de-junho,IFMG,Instituto Federal de Minas Gerais,MG,IF,Geral,2026-07-22T14:51:43.841367+00:00
Dia nacional do Diabetes: 26 de junho,2026-06-19,https://www.ifmg.edu.br/portal/progep/desenvolvimento-de-pessoas/qualidade-de-vida-no-trabalho/dia-nacional-do-diabetes-26-de-junho,IFMG,Instituto Federal de Minas Gerais,MG,IF,Geral,2026-07-22T14:51:43.841375+00:00
Credenciamento de docentes para o Mestrado em Sustentabilidade e Tecnologia Ambiental,2026-06-18,https://www.ifmg.edu.br/portal/noticias/mestrado-em-sustentabilidade-e-tecnologia-ambiental-abre-selecao-para-credenciamento-de-docentes-permanentes,IFMG,Instituto Federal de Minas Gerais,MG,IF,Geral,2026-07-22T14:51:43.841385+00:00
"""Pesquisaí"" apresenta tutorial para depósito de produções no Repositório Institucional do IFMG",2026-06-18,https://www.ifmg.edu.br/portal/noticias/pesquisai-apresenta-tutorial-para-deposito-de-producoes-no-repositorio-institucional-do-ifmg,IFMG,Instituto Federal de Minas Gerais,MG,IF,Geral,2026-07-22T14:51:43.841395+00:00
Estudantes do IFMG se destacam em competição regional de empreendedorismo tecnológico,2026-06-18,https://www.ifmg.edu.br/portal/noticias/estudantes-do-ifmg-se-destacam-em-competicao-regional-de-empreendedorismo-tecnologico,IFMG,Instituto Federal de Minas Gerais,MG,IF,Geral,2026-07-22T14:51:43.841405+00:00
"Campus Bambuí promove 1ª edição do ""Frutificar""",2026-06-17,https://www.ifmg.edu.br/portal/noticias/campus-bambui-promove-1a-edicao-do-frutificar,IFMG,Instituto Federal de Minas Gerais,MG,IF,Geral,2026-07-22T14:51:43.841414+00:00
Vêm aí: inscrições para cursos técnicos e superiores gratuitos do IFRS com vagas não preenchidas,2026-07-21,https://ifrs.edu.br/vem-ai-inscricoes-para-cursos-tecnicos-e-superiores-gratuitos-do-ifrs-com-vagas-nao-preenchidas/,IFRS,Instituto Federal do Rio Grande do Sul,RS,IF,Estude no IFRS,2026-07-22T14:51:44.472842+00:00
Servidores de instituições federais de ensino podem se inscrever para atuar como mentores de programa,2026-07-21,https://ifrs.edu.br/servidores-de-instituicoes-federais-de-ensino-podem-se-inscrever-para-atuar-como-mentores-de-programa-que-capacita-para-o-empreendedorismo/,IFRS,Instituto Federal do Rio Grande do Sul,RS,IF,Oportunidades,2026-07-22T14:51:44.472863+00:00
Resultado das matrículas da Chamada Pública do Processo Seletivo de Estudantes 2026/2 está publicado,2026-07-17,https://ifrs.edu.br/resultado-das-matriculas-da-chamada-publica-do-processo-seletivo-de-estudantes-2026-2-tem-publicacao-nesta-sexta-feira/,IFRS,Instituto Federal do Rio Grande do Sul,RS,IF,Estude no IFRS,2026-07-22T14:51:44.472877+00:00
Mestrado gratuito em Propriedade Intelectual e Transferência de Tecnologia para Inovação recebe inscrições,2026-07-16,https://ifrs.edu.br/mestrado-gratuito-em-propriedade-intelectual-e-transferencia-de-tecnologia-para-inovacao-recebe-inscricoes/,IFRS,Instituto Federal do Rio Grande do Sul,RS,IF,Estude no IFRS,2026-07-22T14:51:44.472890+00:00
"Mostras de ensino, pesquisa e extensão de campi do IFRS abrem inscrições",2026-07-15,https://ifrs.edu.br/mostras-de-ensino-pesquisa-e-extensao-de-campi-do-ifrs-abrem-inscricoes/,IFRS,Instituto Federal do Rio Grande do Sul,RS,IF,Eventos,2026-07-22T14:51:44.472901+00:00
Revista #Tear publica nova edição,2026-07-15,https://ifrs.edu.br/revista-tear-publica-nova-edicao-3/,IFRS,Instituto Federal do Rio Grande do Sul,RS,IF,Periódicos,2026-07-22T14:51:44.472911+00:00
Mostras de Arte e de Audiovisual recebem inscrições de trabalhos de estudantes e servidores do IFRS,2026-07-14,https://ifrs.edu.br/mostras-de-arte-e-de-audiovisual-recebem-trabalhos-de-estudantes-e-servidores-do-ifrs/,IFRS,Instituto Federal do Rio Grande do Sul,RS,IF,Eventos,2026-07-22T14:51:44.472922+00:00
Reunião extraordinária do Consup tem como pauta a indicação de integrantes para a Comissão de RSC dos técnicos administrativos,2026-07-14,https://ifrs.edu.br/reuniao-extraordinaria-do-consup-tem-como-pauta-a-indicacao-de-integrantes-para-a-comissao-de-rsc-dos-tecnicos-administrativos/,IFRS,Instituto Federal do Rio Grande do Sul,RS,IF,Institucional,2026-07-22T14:51:44.472934+00:00
Curso a distância gratuito de português para estrangeiros recebe inscrições,2026-07-13,https://ifrs.edu.br/curso-a-distancia-gratuito-de-portugues-para-estrangeiros-recebe-inscricoes/,IFRS,Instituto Federal do Rio Grande do Sul,RS,IF,Estude no IFRS,2026-07-22T14:51:44.472945+00:00
Chamada pública do Processo Seletivo de estudantes está no ar,2026-07-10,https://ifrs.edu.br/chamada-publica-do-processo-seletivo-de-estudantes-esta-no-ar/,IFRS,Instituto Federal do Rio Grande do Sul,RS,IF,Estude no IFRS,2026-07-22T14:51:44.472956+00:00
João Sanches - Nota de Pesar,2026-07-22,https://www.ufba.br/ufba_em_pauta/joao-sanches-nota-de-pesar,UFBA,Universidade Federal da Bahia,BA,UF,Geral,2026-07-22T14:51:45.073623+00:00
Desenvolvimento Institucional,2026-07-22,https://portal.ifba.edu.br/prodin,IFBA,Instituto Federal da Bahia,BA,IF,Geral,2026-07-22T14:51:45.900570+00:00
Políticas Afirmativas e Assuntos Estudantis,2026-07-22,https://portal.ifba.edu.br/dpaae,IFBA,Instituto Federal da Bahia,BA,IF,Geral,2026-07-22T14:51:45.900672+00:00
Curso de programação da USP em São Carlos abre espaço a meninas e mulheres,2026-07-22,https://jornal.usp.br/diversidade/curso-de-programacao-da-usp-em-sao-carlos-abre-espaco-a-meninas-e-mulheres/,USP,Universidade de São Paulo,SP,UE,Diversidade,2026-07-22T15:29:05.871454+00:00
"São Paulo concentra cerca de 27% dos empregos formais do Brasil, mas contratação de jovens recua",2026-07-22,https://jornal.usp.br/atualidades/sao-paulo-concentra-cerca-de-27-dos-empregos-formais-do-brasil-em-2025-mas-contratacao-de-jovens-recua/,USP,Universidade de São Paulo,SP,UE,Atualidades,2026-07-22T15:29:05.871477+00:00
Olho seco ganha destaque no Julho Turquesa com alerta para sintomas e cuidados,2026-07-22,https://jornal.usp.br/radio-usp/olho-seco-ganha-destaque-no-julho-turquesa-com-alerta-para-sintomas-e-cuidados/,USP,Universidade de São Paulo,SP,UE,Colunistas,2026-07-22T15:29:05.871497+00:00
A aparente irracionalidade de Trump desafia a lógica do capitalismo,2026-07-22,https://jornal.usp.br/radio-usp/a-aparente-irracionalidade-de-trump-desafia-a-logica-do-capitalismo/,USP,Universidade de São Paulo,SP,UE,Colunistas,2026-07-22T15:29:05.871516+00:00
USP master’s graduate named one of the world’s most promising young scientists,2026-07-22,https://jornal.usp.br/uspnews/usp-masters-graduate-named-one-of-the-worlds-most-promising-young-scientists/,USP,Universidade de São Paulo,SP,UE,USP News,2026-07-22T15:29:05.871538+00:00
A corrida pela requalificação de profissionais na era da IA e o resgate das habilidades humanas,2026-07-22,https://jornal.usp.br/atualidades/a-corrida-pela-requalificacao-de-profissionais-na-era-da-ia-e-o-resgate-das-habilidades-humanas/,USP,Universidade de São Paulo,SP,UE,Atualidades,2026-07-22T15:29:05.871557+00:00
Como melhorar a percepção do consumidor sobre os bons vinhos brasileiros?,2026-07-22,https://jornal.usp.br/ciencias/como-melhorar-a-percepcao-do-consumidor-sobre-os-bons-vinhos-brasileiros/,USP,Universidade de São Paulo,SP,UE,Campus Ribeirão Preto,2026-07-22T15:29:05.871576+00:00
"“A Paixão Segundo G.H.”, de Clarice Lispector: uma história entre sonhos, buscas e conflitos",2026-07-22,https://jornal.usp.br/universidade/a-paixao-segundo-g-h-de-clarice-lispector-uma-historia-entre-sonhos-buscas-e-conflitos/,USP,Universidade de São Paulo,SP,UE,Universidade,2026-07-22T15:29:05.871600+00:00
História em quadrinhos apresenta conceitos de bem-estar animal ao público infantil,2026-07-22,https://jornal.usp.br/universidade/historia-em-quadrinhos-apresenta-conceitos-de-bem-estar-animal-ao-publico-infantil/,USP,Universidade de São Paulo,SP,UE,Universidade,2026-07-22T15:29:05.871619+00:00
Não se trata apenas de um jogo,2026-07-21,https://jornal.usp.br/articulistas/karia-rubio/nao-se-trata-apenas-de-um-jogo/,USP,Universidade de São Paulo,SP,UE,Katia Rubio,2026-07-22T15:29:05.871661+00:00
Reitor visita o Instituto Perdizes e discute novas oportunidades de ações conjuntas,2026-07-21,https://jornal.usp.br/institucional/reitor-visita-o-instituto-perdizes-e-discute-novas-oportunidades-de-acoes-conjuntas/,USP,Universidade de São Paulo,SP,UE,Institucional,2026-07-22T15:29:05.871682+00:00
O direito privado e o futuro da justiça climática,2026-07-21,https://jornal.usp.br/artigos/o-direito-privado-e-o-futuro-da-justica-climatica/,USP,Universidade de São Paulo,SP,UE,Artigos,2026-07-22T15:29:05.871700+00:00
"Desindustrialização, políticas públicas e poder financeiro redefiniram moradia e espaço urbano",2026-07-21,https://jornal.usp.br/diversidade/desindustrializacao-politicas-publicas-e-poder-financeiro-redefiniram-moradia-e-espaco-urbano/,USP,Universidade de São Paulo,SP,UE,Diversidade,2026-07-22T15:29:05.871718+00:00
Curso de Libras básico na USP acontecerá nas versões presencial e remota,2026-07-21,https://jornal.usp.br/diversidade/curso-de-libras-basico-na-usp-acontecera-nas-versoes-presencial-e-remota/,USP,Universidade de São Paulo,SP,UE,Diversidade,2026-07-22T15:29:05.871736+00:00
Mostra do Cinema da USP aborda relacionamentos a três,2026-07-21,https://jornal.usp.br/cultura/mostra-do-cinema-da-usp-aborda-relacionamentos-a-tres/,USP,Universidade de São Paulo,SP,UE,Cultura,2026-07-22T15:29:05.871755+00:00
Livro infantil incentiva crianças a enxergar a inclusão como responsabilidade de todos,2026-07-21,https://jornal.usp.br/campus-ribeirao-preto/livro-infantil-incentiva-criancas-a-enxergar-a-inclusao-como-responsabilidade-de-todos/,USP,Universidade de São Paulo,SP,UE,Campus Ribeirão Preto,2026-07-22T15:29:05.871774+00:00
Estatuto dos Direitos do Paciente reforça autonomia e participação nas decisões sobre a saúde,2026-07-21,https://jornal.usp.br/atualidades/estatuto-dos-direitos-do-paciente-reforca-autonomia-e-participacao-nas-decisoes-sobre-a-saude/,USP,Universidade de São Paulo,SP,UE,Atualidades,2026-07-22T15:29:05.871792+00:00
Faculdade de Medicina recebe 65 estudantes estrangeiros no Winter School 2026,2026-07-21,https://jornal.usp.br/institucional/faculdade-de-medicina-recebe-65-estudantes-estrangeiros-no-winter-school-2026/,USP,Universidade de São Paulo,SP,UE,Institucional,2026-07-22T15:29:05.871809+00:00
Homologação das Matrículas da 1ª Chamada do Processo Seletivo Simplificado 2026.2 para Engenharia Civil,2026-07-22,https://portal.ifba.edu.br/euclides-da-cunha/homologacao-das-matriculas-1a-chamada,IFBA,Instituto Federal da Bahia,BA,IF,Geral,2026-07-22T15:43:41.626289+00:00
Campus Feira de Santana divulga resultado preliminar de bancas do processo seletivo para Design de Interiores,2026-07-22,https://portal.ifba.edu.br/feira-de-santana/noticias/2026/campus-feira-de-santana-divulga-resultado-preliminar-de-bancas-do-processo-seletivo-para-design-de-interiores,IFBA,Instituto Federal da Bahia,BA,IF,Geral,2026-07-22T15:43:41.626312+00:00
IFBA Campus Porto Seguro publica edital para ingresso no curso de Formação de Professores em Línguas Indígenas de Sinais (LIS),2026-07-22,https://portal.ifba.edu.br/portoseguro/noticias-2/2026/ifba-campus-porto-seguro-publica-edital-para-ingresso-no-curso-de-formacao-de-professores-em-linguas-indigenas-de-sinais-lis,IFBA,Instituto Federal da Bahia,BA,IF,Geral,2026-07-22T15:43:41.626347+00:00
Sisu 2026: Matrículas Homologadas - 5ª Chamada,2026-07-22,https://portal.ifba.edu.br/irece/noticias-2/noticias/2026-defeso/sisu-2026-matriculas-homologadas-5a-chamada,IFBA,Instituto Federal da Bahia,BA,IF,Geral,2026-07-22T15:43:41.626394+00:00
IFBA oferta 12 vagas pelo Programa de Pós-Graduação Profissional em Propriedade Intelectual e Transferência de Tecnologia para Inovação,2026-07-22,https://portal.ifba.edu.br/dgcom/defeso-eleitoral/noticiasdefeso2026/ifba-oferta-12-vagas-pelo-programa-de-pos-graduacao-profissional-em-propriedade-intelectual-e-transferencia-de-tecnologia-para-inovacao,IFBA,Instituto Federal da Bahia,BA,IF,Geral,2026-07-22T15:43:41.626433+00:00
Levantamento realizado pela DGCOM sobre os estudantes que entraram no IFBA no INGRESSO 2026,2026-07-22,https://portal.ifba.edu.br/santo-amaro/institucional/processos-seletivos/2025/aluno/editais/ingresso-2026/pub/levantamento-realizado-pela-dgcom-sobre-os-estudantes-que-entraram-no-ifba-no-ingresso-2026,IFBA,Instituto Federal da Bahia,BA,IF,Geral,2026-07-22T15:43:41.626464+00:00
"Projeto ""Umbandas: tecendo modos de vida em Santo Amaro"" é apresentado por estudantes no Congresso UFBA 2026",2026-07-22,https://portal.ifba.edu.br/santo-amaro/galeria/fotos/2026/projeto-umbandas-tecendo-modos-de-vida-em-santo-amaro-e-apresentado-por-estudantes-no-congresso-ufba-2026,IFBA,Instituto Federal da Bahia,BA,IF,Geral,2026-07-22T15:43:41.626496+00:00
Confira: Divulgada convocação para matrícula da 2ª chamada dos Cursos Superiores 2026.2,2026-07-21,https://portal.ifba.edu.br/conquista/confira-divulgada-convocacao-para-matricula-da-2a-chamada-dos-cursos-superiores-2026.2,IFBA,Instituto Federal da Bahia,BA,IF,Geral,2026-07-22T15:43:41.626582+00:00
Torneio Feminino de Xadrez do IFBA - Campus Salvador define campeã de 2026,2026-07-21,https://portal.ifba.edu.br/salvador/comunicacao/noticias/2026-defeso-eleitoral/torneio-feminino-de-xadrez-do-ifba-campus-salvador-define-a-campea-de-2026,IFBA,Instituto Federal da Bahia,BA,IF,Geral,2026-07-22T15:43:41.626609+00:00
Resultado Final da Chamada Pública - Seleção Simplificada de Monitor(a) Bolsista para os Projetos de Extensão: FUTSAL FEMININO: desmistificando mitos; e Práticas Esportivas V,2026-07-21,https://portal.ifba.edu.br/santo-amaro/noticias-2026/resultado-final-da-chamada-publica-selecao-simplificada-de-monitor-a-bolsista-para-os-projetos-de-extensao-futsal-feminino-desmistificando-mitos-e-praticas-esportivas-v,IFBA,Instituto Federal da Bahia,BA,IF,Geral,2026-07-22T15:43:41.626641+00:00
Pontos para descarte de pilhas e baterias no campus Salvador,2026-07-21,https://portal.ifba.edu.br/salvador/comunicacao/noticias/2026-defeso-eleitoral/pontos-para-descarte-de-pilhas-e-baterias-no-campus-salvador,IFBA,Instituto Federal da Bahia,BA,IF,Geral,2026-07-22T15:43:41.626667+00:00
"SISU 2026 - Resultado da 2ª Chamada - Bancas Heteroidentificação, Indígena, Quilombola, Cotas sociais e renda e Biopsicossocial.",2026-07-21,https://portal.ifba.edu.br/lauro-de-freitas/noticias-2/sisu-2026-resultado-da-2a-chamada-bancas-heteroidentificacao-indigena-quilombola-cotas-sociais-e-renda-e-biopsicossocial,IFBA,Instituto Federal da Bahia,BA,IF,Geral,2026-07-22T15:43:41.626700+00:00
IFSP busca apoiadores para os Jogos de Integração dos Servidores 2026,2026-07-21,https://www.ifsp.edu.br/index.php/ultimas-noticias/5999-ifsp-busca-apoiadores-para-os-jogos-de-integracao-dos-servidores-2026,IFSP,Instituto Federal de São Paulo,SP,IF,Últimas notícias,2026-07-22T16:14:55.029361+00:00
Fóssil de serpente escavadora brasileira revela caminhos da evolução nos répteis,2026-07-22,https://jornal.usp.br/ciencias/fossil-de-serpente-escavadora-brasileira-revela-caminhos-da-evolucao-nos-repteis/,USP,Universidade de São Paulo,SP,UE,Ciências,2026-07-22T16:19:58.728550+00:00
DTI informa sobre manutenção no Suap,2026-07-22,https://ifpi.edu.br/noticias/dti-informa-sobre-manutencao-no-suap-1,IFPI,Instituto Federal do Piauí,PI,IF,Geral,2026-07-22T18:31:08.039239+00:00
IFPI divulga resultado preliminar de seleção do profuncionário,2026-07-22,https://ifpi.edu.br/noticias/ifpi-divulga-resultado-preliminar-de-selecao-do-profuncionario-1,IFPI,Instituto Federal do Piauí,PI,IF,Geral,2026-07-22T18:31:08.039272+00:00
Picos faz chamada para aquisição de alimentos,2026-07-21,https://ifpi.edu.br/picos/noticias/picos-faz-chamada-para-aquisicao-de-alimentos-4,IFPI,Instituto Federal do Piauí,PI,IF,Geral,2026-07-22T18:31:08.039313+00:00
Campus Floriano divulga chamada pública para aquisição de alimentos,2026-07-21,https://ifpi.edu.br/floriano/noticias/campus-floriano-divulga-chamada-publica-para-aquisicao-de-alimentos,IFPI,Instituto Federal do Piauí,PI,IF,Geral,2026-07-22T18:31:08.039332+00:00
IFPI divulga resultado preliminar de seleção para professor formador do Mulheres Mil,2026-07-21,https://ifpi.edu.br/noticias/ifpi-divulga-resultado-preliminar-de-selecao-para-professor-formador-do-mulheres-mil,IFPI,Instituto Federal do Piauí,PI,IF,Geral,2026-07-22T18:31:08.039353+00:00
Parnaíba divulga resultado pós recursos para Especialização,2026-07-20,https://ifpi.edu.br/parnaiba/noticias/parnaiba-divulga-resultado-pos-recursos-para-especializacao,IFPI,Instituto Federal do Piauí,PI,IF,Geral,2026-07-22T18:31:08.039373+00:00
Campus Angical promove palestra sobre empreendedorismo digital,2026-07-20,https://ifpi.edu.br/angical/noticias/campus-angical-promove-palestra-sobre-empreendedorismo-digital,IFPI,Instituto Federal do Piauí,PI,IF,Geral,2026-07-22T18:31:08.039391+00:00
Nota de pesar: Luziano Barbosa de Miranda,2026-07-20,https://ifpi.edu.br/notas-oficiais/nota-de-pesar-luziano-barbosa-de-miranda,IFPI,Instituto Federal do Piauí,PI,IF,Geral,2026-07-22T18:31:08.039409+00:00
Grupo de Iniciação Científica do Campus Oeiras se destaca com pesquisas inovadoras na área de novos materiais,2026-07-20,https://ifpi.edu.br/oeiras/noticias/grupo-de-iniciacao-cientifica-do-campus-oeiras-se-destaca-com-pesquisas-inovadoras-na-area-de-novos-materiais,IFPI,Instituto Federal do Piauí,PI,IF,Geral,2026-07-22T18:31:08.039430+00:00
IFPI oferta remoção interna para técnicos-administrativos,2026-07-20,https://ifpi.edu.br/noticias/ifpi-oferta-remocao-interna-para-tecnicos-administrativos,IFPI,Instituto Federal do Piauí,PI,IF,Geral,2026-07-22T18:31:08.039448+00:00
IFPI integra oferta do Mestrado Profissional em Propriedade Intelectual no Piauí,2026-07-20,https://ifpi.edu.br/noticias/ifpi-integra-oferta-do-mestrado-profissional-em-propriedade-intelectual-no-piaui,IFPI,Instituto Federal do Piauí,PI,IF,Geral,2026-07-22T18:31:08.039472+00:00
Valença convoca para entrevista em seleção para Benefícios,2026-07-20,https://ifpi.edu.br/valenca/noticias/valenca-convoca-para-entrevista-em-selecao-para-beneficios,IFPI,Instituto Federal do Piauí,PI,IF,Geral,2026-07-22T18:31:08.039489+00:00
IFPI divulga resultado para formador do Programa Empreender,2026-07-20,https://ifpi.edu.br/noticias/ifpi-divulga-resultado-para-formador-do-programa-empreender,IFPI,Instituto Federal do Piauí,PI,IF,Geral,2026-07-22T18:31:08.039505+00:00
IFPI publica Instrução Normativa para Reconhecimento de Saberes e Competências,2026-07-20,https://ifpi.edu.br/noticias/reitor-assina-instrucao-normativa-para-reconhecimento-de-saberes-e-competencias,IFPI,Instituto Federal do Piauí,PI,IF,Geral,2026-07-22T18:31:08.039523+00:00
No de Falecimento de estudante,2026-07-22,https://portal1.iff.edu.br/nossos-campi/campos-centro/noticias/no-de-falecimento,IFF,Instituto Federal Fluminense,RJ,IF,Geral,2026-07-22T18:31:08.043123+00:00
Pesquisadora do IFF evidencia a força das pescadoras,2026-07-21,https://portal1.iff.edu.br/nossos-campi/campos-centro/noticias/tese-de-servidora-do-iff-atrai-atencao-da-teve-portuguesa,IFF,Instituto Federal Fluminense,RJ,IF,Geral,2026-07-22T18:31:08.043172+00:00
IFF oferta 180 vagas gratuitas em cursos de qualificação profissional na área de energias renováveis,2026-07-21,https://portal1.iff.edu.br/banners-outros/banners-2026/iff-oferta-180-vagas-gratuitas-em-cursos-de-qualificacao-profissional-na-area-de-energias-renovaveis,IFF,Instituto Federal Fluminense,RJ,IF,Geral,2026-07-22T18:31:08.043194+00:00
Estudantes de Licenciatura em Química e Biologia podem se candidatar a bolsas do Polo de Inovação do IFF,2026-07-21,https://portal1.iff.edu.br/nossos-campi/polo-de-inovacao-campos-dos-goytacazes/noticias/estudantes-de-licenciatura-em-quimica-e-biologia-podem-se-candidatar-a-bolsas-do-polo-de-inovacao-do-iff,IFF,Instituto Federal Fluminense,RJ,IF,Geral,2026-07-22T18:31:08.043233+00:00
IFF Bom Jesus apresenta Unidade Demonstrativa de Pecuária Sustentável em evento,2026-07-21,https://portal1.iff.edu.br/nossos-campi/bom-jesus-do-itabapoana/noticias/iff-bom-jesus-apresenta-unidade-demonstrativa-de-pecuaria-sustentavel-em-evento,IFF,Instituto Federal Fluminense,RJ,IF,Geral,2026-07-22T18:31:08.043252+00:00
Visita técnica amplia aprendizado de alunos de Ciência e Tecnologia de Alimentos em Santa Teresa (ES),2026-07-20,https://portal1.iff.edu.br/nossos-campi/bom-jesus-do-itabapoana/noticias/visita-tecnica-amplia-aprendizado-de-alunos-de-ciencia-e-tecnologia-de-alimentos-em-santa-teresa-es,IFF,Instituto Federal Fluminense,RJ,IF,Geral,2026-07-22T18:31:08.043276+00:00
Alunos visitam Incaper e empresa referência na produção de mudas no Espírito Santo,2026-07-20,https://portal1.iff.edu.br/nossos-campi/bom-jesus-do-itabapoana/noticias/alunos-visitam-incaper-e-empresa-referencia-na-producao-de-mudas-no-espirito-santo,IFF,Instituto Federal Fluminense,RJ,IF,Geral,2026-07-22T18:31:08.043312+00:00
Aberta a submissão de trabalhos para a XIV Mostra do Conhecimento,2026-07-20,https://portal1.iff.edu.br/nossos-campi/bom-jesus-do-itabapoana/arquivos/banners-capa/2023/aberta-a-submissao-de-trabalhos-para-a-xiv-mostra-do-conhecimento,IFF,Instituto Federal Fluminense,RJ,IF,Geral,2026-07-22T18:31:08.043329+00:00
IFF divulga edital de Transferência Interna e Reingresso,2026-07-20,https://portal1.iff.edu.br/nossos-campi/campos-centro/noticias/diretoria-divulga-editais-de-transferencia-interna-e-reingresso,IFF,Instituto Federal Fluminense,RJ,IF,Geral,2026-07-22T18:31:08.043346+00:00
2ª audiência pública para implantação do Campus São Bernardo do Campo acontece dia 4 de agosto,2026-07-20,https://www.ifsp.edu.br/index.php/ultimas-noticias/5994-2-audiencia-publica-para-implantacao-do-campus-sao-bernardo-do-campo-acontece-dia-4-de-agosto,IFSP,Instituto Federal de São Paulo,SP,IF,Últimas notícias,2026-07-22T18:31:08.269937+00:00
Últimos dias de inscrições: IFPE oferece curso gratuito no Campus Recife,2026-07-22,https://portal.ifpe.edu.br/noticias/ultimos-dias-de-inscricoes-ifpe-oferece-curso-gratuito-no-campus-recife/,IFPE,Instituto Federal de Pernambuco,PE,IF,Notícias,2026-07-22T18:31:08.374524+00:00
Abertas inscrições para 36ª Semana de Química; evento ocorre em agosto,2026-07-21,https://www.uem.br/noticias-externas/noticias-uem/abertas-inscricoes-para-36a-semana-de-quimica,UEM,Universidade Estadual de Maringá,PR,UE,Geral,2026-07-22T18:31:08.445023+00:00
EAEG e Seminário de Avaliação do Pibid/UEM 2026 abrem inscrições,2026-07-21,https://www.uem.br/noticias-externas/noticias-uem/eaeg-e-seminario-de-avaliacao-do-pibid-uem-2026,UEM,Universidade Estadual de Maringá,PR,UE,Geral,2026-07-22T18:31:08.445053+00:00
7º Mobility Day vai promover mobilidade acadêmica na UEM em agosto,2026-07-20,https://www.uem.br/noticias-externas/noticias-uem/7o-mobility-day-vai-promover-mobilidade-academica,UEM,Universidade Estadual de Maringá,PR,UE,Geral,2026-07-22T18:31:08.445075+00:00
Banco de Leite Humano inscreve para Curso de Manejo Clínico da Lactação,2026-07-20,https://www.uem.br/noticias-externas/noticias-uem/banco-de-leite-humano-inscreve-para-curso-de,UEM,Universidade Estadual de Maringá,PR,UE,Geral,2026-07-22T18:31:08.445095+00:00
IFMT lança edital com 64 vagas para os cursos técnicos subsequentes Agropecuária (Campus Cáceres e Juína) e Alimentos (Campus Cuiabá – Bela Vista),2026-07-20,https://ifmt.edu.br/blog/ifmt-lanca-edital-com-64-vagas-para-os-cursos-tecnicos-subsequentes-agropecuaria-campus-caceres-e-juina-e-alimentos-campus-cuiaba-bela-vista/,IFMT,Instituto Federal do Mato Grosso,MT,IF,Destaques,2026-07-22T18:31:08.485831+00:00
"XIII Encontro de Inovação, Tecnologia e Iniciação Científica do Ifal será realizado em agosto",2026-07-22,https://www2.ifal.edu.br/noticias/xiii-encontro-de-inovacao-tecnologia-e-iniciacao-cientifica-do-ifal-sera-realizado-em-agosto,IFAL,Instituto Federal de Alagoas,AL,IF,Geral,2026-07-22T18:31:08.781585+00:00
"Ifal recebe evento ""Integridade Itinerante"" em parceria com a CGU",2026-07-22,https://www2.ifal.edu.br/noticias/ifal-recebe-evento-integridade-itinerante-em-parceria-com-a-cgu,IFAL,Instituto Federal de Alagoas,AL,IF,Geral,2026-07-22T18:31:08.781614+00:00
Ifal Maceió publica resultado final da seleção para auxílios estudantis,2026-07-22,https://www2.ifal.edu.br/campus/maceio/noticias/ifal-maceio-publica-resultado-final-da-selecao-para-auxilios-estudantis,IFAL,Instituto Federal de Alagoas,AL,IF,Geral,2026-07-22T18:31:08.781636+00:00
Campus Maceió divulga resultado preliminar das matrículas para cursos de graduação,2026-07-21,https://www2.ifal.edu.br/campus/maceio/noticias/campus-maceio-divulga-resultado-preliminar-das-matriculas-para-cursos-de-graduacao,IFAL,Instituto Federal de Alagoas,AL,IF,Geral,2026-07-22T18:31:08.781656+00:00
Assistência Estudantil amplia prazo de inscrições para fornecimento de óculos corretivos,2026-07-21,https://www2.ifal.edu.br/campus/penedo/noticias/assistencia-estudantil-amplia-prazo-de-inscricoes-para-fornecimento-de-oculos-corretivos,IFAL,Instituto Federal de Alagoas,AL,IF,Geral,2026-07-22T18:31:08.781675+00:00
Ifal Benedito Bentes abre inscrições do programa de concessão de óculos corretivos,2026-07-21,https://www2.ifal.edu.br/campus/benedito/noticias/ifal-benedito-bentes-abre-inscricoes-do-programa-de-concessao-de-oculos-corretivos-1,IFAL,Instituto Federal de Alagoas,AL,IF,Geral,2026-07-22T18:31:08.781695+00:00
Ifal Maceió divulga resultado preliminar das matrículas para cursos subsequentes,2026-07-21,https://www2.ifal.edu.br/campus/maceio/noticias/ifal-maceio-divulga-resultado-preliminar-das-matriculas-para-cursos-subsequentes,IFAL,Instituto Federal de Alagoas,AL,IF,Geral,2026-07-22T18:31:08.781714+00:00
Estudantes do Campus Benedito Bentes se classificam para a segunda fase da 2ª Olimpíada Brasileira de Enfermagem,2026-07-21,https://www2.ifal.edu.br/campus/benedito/noticias/estudantes-do-campus-benedito-bentes-se-classificam-para-a-segunda-fase-da-2a-olimpiada-brasileira-de-enfermagem,IFAL,Instituto Federal de Alagoas,AL,IF,Geral,2026-07-22T18:31:08.781750+00:00
Campus Satuba se prepara para a Semana Agrotecnológica 2026,2026-07-20,https://www2.ifal.edu.br/campus/satuba/noticias/campus-satuba-se-prepara-para-a-semana-agrotecnologica-2026,IFAL,Instituto Federal de Alagoas,AL,IF,Geral,2026-07-22T18:31:08.781768+00:00
DGP retifica edital de vagas para remoção de docentes,2026-07-20,https://www2.ifal.edu.br/noticias/dgp-retifica-edital-de-vagas-para-remocao-de-docentes,IFAL,Instituto Federal de Alagoas,AL,IF,Geral,2026-07-22T18:31:08.781785+00:00
Portaria define setores e servidores responsáveis pela Rede de Acolhimento para situação de assédio e discriminação no Ifal Benedito Bentes,2026-07-20,https://www2.ifal.edu.br/campus/benedito/noticias/portaria-define-setores-e-servidores-responsaveis-pela-rede-de-acolhimento-para-situacao-de-assedio-e-discriminacao-no-ifal-benedito-bentes,IFAL,Instituto Federal de Alagoas,AL,IF,Geral,2026-07-22T18:31:08.781805+00:00
Ifal Campus Palmeira dos Índios realiza Chamada Oral da Lista de Espera do SiSU+ 2026 nesta quarta-feira,2026-07-20,https://www2.ifal.edu.br/campus/palmeira/noticias/ifal-campus-palmeira-dos-indios-realiza-chamada-oral-da-lista-de-espera-do-sisu-2026-nesta-quarta-feira,IFAL,Instituto Federal de Alagoas,AL,IF,Geral,2026-07-22T18:31:08.781823+00:00
HORÁRIO LETIVO 2026 - SEGUNDO SEMESTRE,2026-07-20,https://www2.ifal.edu.br/campus/arapiraca/ensino/horario-de-aulas/horario-letivo-2026/horario-letivo-2026-segundo-semestre,IFAL,Instituto Federal de Alagoas,AL,IF,Geral,2026-07-22T18:31:08.781839+00:00
"Handebol feminino conquista a prata e o futsal, o bronze nos JIFs - etapa estadual",2026-07-20,https://www2.ifal.edu.br/campus/benedito/noticias/handebol-feminino-conquista-a-prata-e-o-futsal-o-bronze-nos-jifs-etapa-estadual,IFAL,Instituto Federal de Alagoas,AL,IF,Geral,2026-07-22T18:31:08.781857+00:00
Ifal Penedo conquista 6 medalhas na etapa estadual dos Jogos dos Institutos Federais,2026-07-20,https://www2.ifal.edu.br/campus/penedo/noticias/ifal-penedo-conquista-6-medalhas-na-etapa-estadual-dos-jogos-dos-institutos-federais,IFAL,Instituto Federal de Alagoas,AL,IF,Geral,2026-07-22T18:31:08.781874+00:00
Divulgado o resultado das inscrições do programa de concessão de óculos do Campus Rio Largo,2026-07-20,https://www2.ifal.edu.br/campus/riolargo/noticias/divulgado-o-resultado-das-inscricoes-do-programa-de-concessao-de-oculos-do-campus-rio-largo,IFAL,Instituto Federal de Alagoas,AL,IF,Geral,2026-07-22T18:31:08.781892+00:00
Curso de Educação em Direitos Humanos e Prevenção das Violências oferta vagas para profissionais de outros estados,2026-07-20,https://www2.ifal.edu.br/noticias/curso-de-educacao-em-direitos-humanos-e-prevencao-das-violencias-oferta-vagas-para-profissionais-de-outros-estados,IFAL,Instituto Federal de Alagoas,AL,IF,Geral,2026-07-22T18:31:08.781910+00:00
Campus Cruzeiro do Sul abre seleção simplificada para vagas remanescentes em cursos superiores,2026-07-22,https://www.ifac.edu.br/noticias/2026/julho/campus-cruzeiro-do-sul-abre-processo-seletivo-simplificado-para-preenchimento-de-vagas-remanescentes-em-cursos-superiores,IFAC,Instituto Federal do Acre,AC,IF,Geral,2026-07-22T18:31:08.793693+00:00
Ifac abre seleção para agentes de cuidados do Programa Mulheres Mil + Cuidados,2026-07-22,https://www.ifac.edu.br/noticias/2026/julho/ifac-abre-selecao-para-agentes-de-cuidados-do-programa-mulheres-mil-cuidados-1,IFAC,Instituto Federal do Acre,AC,IF,Geral,2026-07-22T18:31:08.793727+00:00
Fluxo de atendimento às solicitações de RSC-TAE,2026-07-21,https://www.ifac.edu.br/o-ifac/gestao-de-pessoas/reconhecimento-de-saberes-e-comptencia-pcctae/fluxo-de-atendimento-as-solicitacoes-de-rsc-tae,IFAC,Instituto Federal do Acre,AC,IF,Geral,2026-07-22T18:31:08.793750+00:00
"Normas, Regulamentos e Comissão de Trabalho Relacionados ao RSC-PCCTAE",2026-07-21,https://www.ifac.edu.br/o-ifac/gestao-de-pessoas/reconhecimento-de-saberes-e-comptencia-pcctae/normas-e-regulamentos-aplicados-a-rsc-pcctae,IFAC,Instituto Federal do Acre,AC,IF,Geral,2026-07-22T18:31:08.793770+00:00
Ifac abre mais de 300 vagas para alunas do Programa Mulheres Mil + Cuidados,2026-07-21,https://www.ifac.edu.br/noticias/2026/julho/ifac-abre-332-vagas-para-alunas-do-programa-mulheres-mil-cuidados,IFAC,Instituto Federal do Acre,AC,IF,Extensão,2026-07-22T18:31:08.793791+00:00
Inscrições abertas para a Mostra de Tecnologias Sociais no CONNEPI,2026-07-22,https://portal.ifma.edu.br/2026/07/22/inscricoes-abertas-para-a-mostra-de-tecnologias-sociais-no-connepi/?utm_source=rss&utm_medium=rss&utm_campaign=inscricoes-abertas-para-a-mostra-de-tecnologias-sociais-no-connepi,IFMA,Instituto Federal do Maranhão,MA,IF,Notícias,2026-07-22T18:31:09.208813+00:00
IFMA abre chamada para propostas de dossiês temáticos da Revista Acta Tecnológica,2026-07-21,https://portal.ifma.edu.br/2026/07/21/ifma-abre-chamada-para-propostas-de-dossies-tematicos-da-revista-acta-tecnologica/?utm_source=rss&utm_medium=rss&utm_campaign=ifma-abre-chamada-para-propostas-de-dossies-tematicos-da-revista-acta-tecnologica,IFMA,Instituto Federal do Maranhão,MA,IF,Notícias,2026-07-22T18:31:09.208870+00:00
Inscrições abertas para Mestrado Profissional em Propriedade Intelectual e Inovação (PROFNIT),2026-07-21,https://portal.ifma.edu.br/2026/07/21/inscricoes-abertas-para-mestrado-profissional-em-propriedade-intelectual-e-inovacao-profnit/?utm_source=rss&utm_medium=rss&utm_campaign=inscricoes-abertas-para-mestrado-profissional-em-propriedade-intelectual-e-inovacao-profnit,IFMA,Instituto Federal do Maranhão,MA,IF,Notícias,2026-07-22T18:31:09.208913+00:00
IFMA abre seleção para bolsas de pesquisa em projeto do Ministério das Cidades,2026-07-21,https://portal.ifma.edu.br/2026/07/21/ifma-abre-selecao-para-bolsas-de-pesquisa-em-projeto-do-ministerio-das-cidades/?utm_source=rss&utm_medium=rss&utm_campaign=ifma-abre-selecao-para-bolsas-de-pesquisa-em-projeto-do-ministerio-das-cidades,IFMA,Instituto Federal do Maranhão,MA,IF,Notícias,2026-07-22T18:31:09.208954+00:00
Exposição reúne obras de professor do IFMA ao longo de 14 anos de carreira,2026-07-20,https://portal.ifma.edu.br/2026/07/20/exposicao-reune-obras-de-professor-do-ifma-ao-longo-de-14-anos-de-carreira/?utm_source=rss&utm_medium=rss&utm_campaign=exposicao-reune-obras-de-professor-do-ifma-ao-longo-de-14-anos-de-carreira,IFMA,Instituto Federal do Maranhão,MA,IF,Notícias,2026-07-22T18:31:09.208993+00:00
Educação inclusiva é tema do 28.º Encontro Pedagógico do Campus Amajari,2026-07-21,https://www.ifrr.edu.br/noticias/educacao-inclusiva-e-tema-do-28-encontro-pedagogico-do-campus-amajari,IFRR,Instituto Federal de Roraima,RR,IF,Geral,2026-07-22T18:31:09.249058+00:00
"EDITAL PROP/PREX/UESPI Nº 012/2026 – Apoio à Realização de Eventos Extensionistas, Científicos e de Inovação Tecnológica da UESPI – Resultado Parcial (2º Lote)",2026-07-22,https://uespi.br/edital-prop-prex-uespi-no-012-2026-apoio-a-realizacao-de-eventos-extensionistas-cientificos-e-de-inovacao-tecnologica-da-uespi-resultado-parcial-1o-lote/,UESPI,Universidade Estadual do Piauí,PI,UE,Editais,2026-07-22T18:31:09.262223+00:00
"EDITAL PROP/PREX/UESPI Nº 013/2026 – Homologação do Resultado Parcial após Análise dos Recursos (2º Lote) – Apoio à Participação em Eventos Científicos, de Extensão e de Capacitação Profissional",2026-07-22,https://uespi.br/edital-prop-prex-uespi-no-013-2026-homologacao-do-resultado-parcial-apos-analise-dos-recursos-2o-lote-apoio-a-participacao-em-eventos-cientificos-de-extensao-e-de-capacitacao-profission/,UESPI,Universidade Estadual do Piauí,PI,UE,Editais,2026-07-22T18:31:09.262259+00:00
EDITAL PPGL/PROP/UESPI Nº 20/2026 – Programa de Pós-Graduação em Letras (PPGL/UESPI) – Seleção e Matrícula para Aluno Especial – 2º Semestre de 2026 – Campus Poeta Torquato Neto,2026-07-22,https://uespi.br/edital-ppgl-prop-uespi-no-20-2026-programa-de-pos-graduacao-em-letras-ppgl-uespi-selecao-e-matricula-para-aluno-especial-2o-semestre-de-2026-campus-poeta-torq/,UESPI,Universidade Estadual do Piauí,PI,UE,Editais,2026-07-22T18:31:09.262287+00:00
EDITAL PREG/UESPI Nº 010/2026 – Processo Seletivo de Transferência Externa – Resultado dos Recursos da 2ª Etapa e Resultado Final da 2ª Etapa,2026-07-22,https://uespi.br/edital-preg-uespi-no-010-2026-processo-seletivo-de-transferencia-externa-resultado-dos-recursos-da-2a-etapa-e-resultado-final-da-2a-etapa/,UESPI,Universidade Estadual do Piauí,PI,UE,Editais,2026-07-22T18:31:09.262310+00:00
EDITAL PREG/UESPI Nº 014/2026 – Seleção de Coordenadores Administrativos Locais – Relatório Final da Análise Curricular – Licenciatura em Ciências Biológicas – Núcleo de Barras (Barras-PI) – Ampla concorrência (Cadastro de reserva),2026-07-22,https://uespi.br/edital-preg-uespi-no-014-2026-selecao-de-coordenadores-administrativos-locais-relatorio-final-da-analise-curricular-licenciatura-em-ciencias-biologicas-nucleo-d/,UESPI,Universidade Estadual do Piauí,PI,UE,Editais,2026-07-22T18:31:09.262337+00:00
EDITAL Nº 10/2026 – Programa Auxílio Alimentação – Resultado Final – Resultado da Interposição de Recursos,2026-07-22,https://uespi.br/edital-no-10-2026-programa-auxilio-alimentacao-resultado-final-resultado-da-interposicao-de-recursos/,UESPI,Universidade Estadual do Piauí,PI,UE,Editais,2026-07-22T18:31:09.262357+00:00
EDITAL PREX/DAEC/SEE Nº 59/2026 – Resultado Final – Estágio Não Obrigatório – Bacharelado em Jornalismo – Programa de Pós-Graduação Interdisciplinar em Sociedade e Cultura (PPGSC/PROP) – Campus Poeta Torquato Neto,2026-07-22,https://uespi.br/edital-prex-daec-see-no-59-2026-resultado-final-estagio-nao-obrigatorio-bacharelado-em-jornalismo-programa-de-pos-graduacao-interdisciplinar-em-sociedade-e-cult/,UESPI,Universidade Estadual do Piauí,PI,UE,Editais,2026-07-22T18:31:09.262381+00:00
EDITAL PREG/UESPI Nº 012/2026 – SELEÇÃO DE DISCENTES – Relatório Final da Análise Curricular (PRILEI) – Licenciatura em Ciências Biológicas – Núcleo de Barras (Barras-PI) – Ampla Concorrência (20 vagas),2026-07-21,https://uespi.br/edital-preg-uespi-no-012-2026-selecao-de-discentes-relatorio-final-da-analise-curricular-prilei-licenciatura-em-ciencias-biologicas-nucleo-de-barras-barras-p/,UESPI,Universidade Estadual do Piauí,PI,UE,Editais,2026-07-22T18:31:09.262404+00:00
EDITAL Nº 18/2026 – Resultado Final da Chamada Pública para Consultores(as) Ad Hoc – vinculada ao Edital nº 014/2026 – UESPI TECH III,2026-07-21,https://uespi.br/edital-no-18-2026-resultado-final-da-chamada-publica-para-consultoresas-ad-hoc-vinculada-ao-edital-no-014-2026-uespi-tech-iii/,UESPI,Universidade Estadual do Piauí,PI,UE,Editais,2026-07-22T18:31:09.262425+00:00
EDITAL PREG/UESPI Nº 013/2026 – SELEÇÃO DE PROFESSORES BOLSISTAS – Relatório final da análise curricular (PRILEI) – Licenciatura em Ciências Biológicas – Núcleo de Barras (Barras-PI) – Ampla concorrência,2026-07-21,https://uespi.br/edital-preg-uespi-no-013-2026-selecao-de-professores-bolsistas-relatorio-final-da-analise-curricular-prilei-licenciatura-em-ciencias-biologicas-nucleo-de-barras-barras-pi-ampla-concorre/,UESPI,Universidade Estadual do Piauí,PI,UE,Editais,2026-07-22T18:31:09.262448+00:00
UPE abre inscrições para Especialização em Educação Antirracista,2026-07-21,https://upe.br/upe-abre-inscricoes-para-especializacao-em-educacao-antirracista/,UPE,Universidade de Pernambuco,PE,UE,Sem categoria,2026-07-22T18:31:09.269415+00:00
UPE abre seleção interna para proposta de implantação de Cuidoteca,2026-07-20,https://upe.br/upe-abre-selecao-interna-para-proposta-de-implantacao-de-cuidoteca/,UPE,Universidade de Pernambuco,PE,UE,Sem categoria,2026-07-22T18:31:09.269442+00:00
Conheça a nova equipe editorial da Revista Pesquisare,2026-07-22,https://ufob.edu.br/a-ufob/estrutura/pro-reitorias/propgp/informes/conheca-a-nova-equipe-editorial-da-revista-pesquisare,UFOB,Universidade Federal do Oeste da Bahia,BA,UF,Geral,2026-07-22T18:31:09.620159+00:00
Nova ferramenta facilita a escolha de periódicos para publicação sem cobrança de APC,2026-07-22,https://ufob.edu.br/a-ufob/estrutura/pro-reitorias/propgp/informes/nova-ferramenta-facilita-a-escolha-de-periodicos-para-publicacao-sem-cobranca-de-apc,UFOB,Universidade Federal do Oeste da Bahia,BA,UF,Geral,2026-07-22T18:31:09.620182+00:00
Liga Acadêmica de Saúde e Trabalho (LAST),2026-07-22,https://ufob.edu.br/jasouufob/estudantes/ligas-academicas/ligas/liga-academica-de-saude-e-trabalho-last,UFOB,Universidade Federal do Oeste da Bahia,BA,UF,Geral,2026-07-22T18:31:09.620246+00:00
Liga Acadêmica de Oncologia (LAONCO),2026-07-22,https://ufob.edu.br/jasouufob/estudantes/ligas-academicas/ligas/liga-academica-de-oncologia-laonco,UFOB,Universidade Federal do Oeste da Bahia,BA,UF,Geral,2026-07-22T18:31:09.620263+00:00
Liga Acadêmica de Nefrologia (LANEF),2026-07-22,https://ufob.edu.br/jasouufob/estudantes/ligas-academicas/ligas/liga-academica-de-nefrologia-lanef,UFOB,Universidade Federal do Oeste da Bahia,BA,UF,Geral,2026-07-22T18:31:09.620278+00:00
Liga Acadêmica Multidisciplinar de Análises Clínicas (LAMAC),2026-07-22,https://ufob.edu.br/jasouufob/estudantes/ligas-academicas/ligas/liga-academica-multidisciplinar-de-analises-clinicas-lamac,UFOB,Universidade Federal do Oeste da Bahia,BA,UF,Geral,2026-07-22T18:31:09.620295+00:00
Como reativar a Liga Acadêmica?,2026-07-21,https://ufob.edu.br/jasouufob/estudantes/ligas-academicas/como-reativar-a-liga-academica,UFOB,Universidade Federal do Oeste da Bahia,BA,UF,Geral,2026-07-22T18:31:09.620325+00:00
Mostra Competitiva da 4ª edição do Festival Buriti de Audiovisual recebe inscrições até quinta (23),2026-07-21,https://ufob.edu.br/noticias/mostra-competitiva-da-4a-edicao-do-festival-buriti-de-audiovisual-recebe-inscricoes-ate-quinta-23,UFOB,Universidade Federal do Oeste da Bahia,BA,UF,Geral,2026-07-22T18:31:09.620343+00:00
Julho amarelo e a importância da prevenção,2026-07-20,https://uscs.edu.br/julho-amarelo-e-a-importancia-da-prevencao/,USCS,Universidade Municipal de São Caetano do Sul,SP,UE,Geral,2026-07-22T18:31:09.648853+00:00
Transferências curso de Medicina 2º semestre de 2026 – Vagas Remanescentes,2026-07-20,https://uscs.edu.br/transferencias-para-cursos-de-graduacao-exceto-medicina-confira-o-edital/,USCS,Universidade Municipal de São Caetano do Sul,SP,UE,Geral,2026-07-22T18:31:09.648889+00:00
PROEX informa sobre prazo para envio de relatório final de Projetos e Programas da Cota 2025/2026,2026-07-20,https://uepb.edu.br/proex-informa-sobre-prazo-para-envio-de-relatorio-final-de-projetos-e-programas-da-cota-2025-2026/,UEPB,Universidade Estadual da Paraíba,PB,UE,Notícias,2026-07-22T18:31:09.871722+00:00
"Universidade Estadual da Paraíba lamenta falecimento de professor do Departamento de Estatística, no Câmpus I",2026-07-20,https://uepb.edu.br/universidade-estadual-da-paraiba-lamenta-falecimento-de-professor-do-departamento-de-estatistica-no-campus-i/,UEPB,Universidade Estadual da Paraíba,PB,UE,CCT,2026-07-22T18:31:09.871765+00:00
Teatro Universitário recebe dois espetáculos para o público infantil neste fim de semana. Ingressos à venda,2026-07-22,https://ufes.br/conteudo/teatro-universitario-recebe-dois-espetaculos-para-o-publico-infantil-neste-fim-de-semana,UFES,Universidade Federal do Espírito Santo,ES,UF,Geral,2026-07-22T18:31:09.948546+00:00
Livro internacional sobre justiça ecológica e democracia ambiental tem contribuição de professora da Ufes. Acesso gratuito,2026-07-22,https://ufes.br/conteudo/livro-internacional-sobre-justica-ecologica-e-democracia-ambiental-tem-contribuicao-de,UFES,Universidade Federal do Espírito Santo,ES,UF,Geral,2026-07-22T18:31:09.948589+00:00
Protocolo de combate a violências de gênero na Ufes recebe propostas até o dia 31 de julho. Veja como colaborar,2026-07-21,https://ufes.br/conteudo/protocolo-de-combate-violencias-de-genero-na-ufes-recebe-propostas-ate-o-dia-31-de-julho,UFES,Universidade Federal do Espírito Santo,ES,UF,Geral,2026-07-22T18:31:09.948624+00:00
Livro de professor do Departamento de Matemática da Ufes é semifinalista do Prêmio Jabuti Acadêmico,2026-07-21,https://ufes.br/conteudo/livro-de-professor-do-departamento-de-matematica-da-ufes-e-semifinalista-do-premio-jabuti,UFES,Universidade Federal do Espírito Santo,ES,UF,Geral,2026-07-22T18:31:09.948656+00:00
Resultado final de chamada para bolsas de produtividade e desenvolvimento tecnológico contempla 42 pesquisadores da Ufes,2026-07-20,https://ufes.br/conteudo/resultado-final-de-chamada-para-bolsas-de-produtividade-e-desenvolvimento-tecnologico,UFES,Universidade Federal do Espírito Santo,ES,UF,Geral,2026-07-22T18:31:09.948686+00:00
Exposição de recriações de pôsteres de cinema com uso de IA segue até 31 de julho no Planetário,2026-07-20,https://ufes.br/conteudo/exposicao-de-recriacoes-de-posteres-de-cinema-com-uso-de-ia-segue-ate-31-de-julho-no,UFES,Universidade Federal do Espírito Santo,ES,UF,Geral,2026-07-22T18:31:09.948717+00:00
UFRB publica norma que facilita reconhecimento acadêmico internacional,2026-07-22,https://ufrb.edu.br/portal/destaque-secundario/ufrb-publica-norma-que-facilita-o-reconhecimento-academico-internacional-e-fortalece-a-mobilidade-estudantil/,UFRB,Universidade Federal do Recôncavo da Bahia,BA,UF,Destaque Secundário,2026-07-22T18:31:09.982552+00:00
EDUFRB prorroga inscrições para edital de apoio à publicação de produtos tecnológicos,2026-07-22,https://ufrb.edu.br/portal/destaque-secundario/edufrb-prorroga-inscricoes-para-edital-de-apoio-a-publicacao-de-produtos-tecnologicos/,UFRB,Universidade Federal do Recôncavo da Bahia,BA,UF,Destaque Secundário,2026-07-22T18:31:09.982598+00:00
UFRB manifesta profundo pesar pelo falecimento do servidor Adilson de Brito Bispo,2026-07-22,https://ufrb.edu.br/portal/destaque-secundario/ufrb-manifesta-profundo-pesar-pelo-falecimento-do-servidor-adilson-de-brito-bispo/,UFRB,Universidade Federal do Recôncavo da Bahia,BA,UF,Destaque Secundário,2026-07-22T18:31:09.982666+00:00
UFRB e Escult inscrevem para nova turma de curso gratuito voltado ao mercado da Música,2026-07-22,https://ufrb.edu.br/portal/destaque-secundario/ufrb-e-escult-inscrevem-para-nova-turma-de-curso-gratuito-voltado-ao-mercado-da-musica/,UFRB,Universidade Federal do Recôncavo da Bahia,BA,UF,Destaque Secundário,2026-07-22T18:31:09.982697+00:00
UFRB oferta 1283 vagas de graduação para transferência interna no semestre 2026.2,2026-07-20,https://ufrb.edu.br/portal/destaque-primario/ufrb-oferta-1283-vagas-de-graduacao-para-transferencia-interna-no-semestre-2026-2/,UFRB,Universidade Federal do Recôncavo da Bahia,BA,UF,Destaque Primário,2026-07-22T18:31:09.982728+00:00
UFRB divulga seleção para 120 vagas em 15 cursos de graduação para segundo ciclo,2026-07-20,https://ufrb.edu.br/portal/destaque-primario/ufrb-divulga-selecao-para-120-vagas-em-15-cursos-de-graduacao-para-segundo-ciclo/,UFRB,Universidade Federal do Recôncavo da Bahia,BA,UF,Destaque Primário,2026-07-22T18:31:09.982759+00:00
Rede leva proposta ao governo federal que torna Campinas um Hub Nacional de Tecnologias Quânticas,2026-07-21,https://www.unicamp.br/noticias/2026/07/21/rede-leva-proposta-ao-governo-federal-que-torna-campinas-um-hub-nacional-de-tecnologias-quanticas/,UNICAMP,Universidade Estadual de Campinas,SP,UE,Atualidades,2026-07-22T18:31:10.172076+00:00
UFDPar convida comunidade acadêmica para a Aula Inaugural Nacional da Turma 6 do PROFSAÚDE,2026-07-22,https://ufdpar.edu.br/UFDPar/ufdpar-convida-comunidade-academica-para-a-aula-inaugural-nacional-da-turma-6-do-profsaude,UFDPar,Universidade Federal do Delta do Parnaíba,PI,UF,Geral,2026-07-22T18:31:10.267576+00:00
UFDPar realiza solenidade de assinatura dos termos de outorga dos Programas de Incentivo à Pesquisa e à Inovação,2026-07-21,https://ufdpar.edu.br/UFDPar/ufdpar-realiza-solenidade-de-assinatura-dos-termos-de-outorga-dos-programas-de-incentivo-a-pesquisa-e-a-inovacao,UFDPar,Universidade Federal do Delta do Parnaíba,PI,UF,Geral,2026-07-22T18:31:10.267605+00:00
EDITAL Nº 02/2026 – PET-SAÚDE: CLIMA - Processo seletivo simplificado para tutores(as) bolsistas e formação de cadastro de reserva,2026-07-20,https://ufdpar.edu.br/UFDPar/noticias-1/edital-no-24-2026-2013-pet-saude-clima-processo-seletivo-simplificado-para-tutores-as-bolsistas-e-formacao-de-cadastro-de-reserva,UFDPar,Universidade Federal do Delta do Parnaíba,PI,UF,Geral,2026-07-22T18:31:10.267629+00:00
Primeiro professor do curso de Bacharelado em Inteligência Artificial toma posse na UFDPar,2026-07-20,https://ufdpar.edu.br/UFDPar/primeiro-professor-do-curso-de-bacharelado-em-inteligencia-artificial-toma-posse-na-ufdpar,UFDPar,Universidade Federal do Delta do Parnaíba,PI,UF,Geral,2026-07-22T18:31:10.267648+00:00
COMISSÃO DO RSC-PCCTAE E PROTIC AVANÇAM NA DEFINIÇÃO DO SISTEMA DE TRAMITAÇÃO DO RSC,2026-07-20,https://ufdpar.edu.br/UFDPar/comissao-do-rsc-pcctae-e-protic-avancam-na-definicao-do-sistema-de-tramitacao-do-rsc,UFDPar,Universidade Federal do Delta do Parnaíba,PI,UF,Geral,2026-07-22T18:31:10.267667+00:00
UFDPar divulga o Edital Nº 18/2026 – PREG/UFDPar do Sisu+ 2026,2026-07-20,https://ufdpar.edu.br/UFDPar/ufdpar-divulga-o-edital-no-18-2026-2013-preg-ufdpar-do-sisu-2026,UFDPar,Universidade Federal do Delta do Parnaíba,PI,UF,Geral,2026-07-22T18:31:10.267687+00:00
UFDPar divulga o Edital Nº 17/2026 – PREG/UFDPar SiSU 2026,2026-07-20,https://ufdpar.edu.br/UFDPar/ufdpar-divulga-o-edital-no-17-2026-2013-preg-ufdpar-sisu-2026,UFDPar,Universidade Federal do Delta do Parnaíba,PI,UF,Geral,2026-07-22T18:31:10.267705+00:00
UFDPar publica quatro editais do Programa CAPES Global e amplia oportunidades de internacionalização,2026-07-20,https://ufdpar.edu.br/UFDPar/ufdpar-publica-quatro-editais-do-programa-capes-global-e-amplia-oportunidades-de-internacionalizacao,UFDPar,Universidade Federal do Delta do Parnaíba,PI,UF,Geral,2026-07-22T18:31:10.267724+00:00
Sede da Escola de Pós UFG é inaugurada,2026-07-22,https://www.ufg.br/n/202962-sede-da-escola-de-pos-ufg-e-inaugurada,UFG,Universidade Federal de Goiás,GO,UF,Geral,2026-07-22T18:31:10.282486+00:00
UFG se destaca em chamada de Bolsas de Produtividade do CNPq,2026-07-21,https://www.ufg.br/n/202951-ufg-se-destaca-em-chamada-de-bolsas-de-produtividade-do-cnpq,UFG,Universidade Federal de Goiás,GO,UF,Geral,2026-07-22T18:31:10.282513+00:00
Lista de prováveis formandos para a Colação de Grau 2026.1,2026-07-22,https://uerr.edu.br/lista-de-provaveis-formandos-para-a-colacao-de-grau-2026-1/,UERR,Universidade Estadual de Roraima,RR,UE,Últimas,2026-07-22T18:31:10.295047+00:00
Cronograma dos cursos EaD da UERR,2026-07-22,https://uerr.edu.br/cronograma-dos-cursos-ead-da-uerr/,UERR,Universidade Estadual de Roraima,RR,UE,Últimas,2026-07-22T18:31:10.295074+00:00
Vestibular da UERR pelo Enem tem inscrições prorrogadas,2026-07-21,https://uerr.edu.br/vestibular-da-uerr-tem-inscricoes-prorrogadas/,UERR,Universidade Estadual de Roraima,RR,UE,Últimas,2026-07-22T18:31:10.295095+00:00
UERR convoca candidatos aprovados para matrícula no Mestrado em Segurança Pública para Boa Vista,2026-07-21,https://uerr.edu.br/uerr-convoca-candidatos-aprovados-para-matricula-no-mestrado-em-seguranca-publica-em-boa-vista/,UERR,Universidade Estadual de Roraima,RR,UE,Últimas,2026-07-22T18:31:10.295115+00:00
Programa de Educação Tutorial Conexão dos Saberes da UFVJM abre inscrições para estudantes,2026-07-22,https://portal.ufvjm.edu.br/noticias/2026-periodo-eleitoral/programa-de-educacao-tutorial-conexao-dos-saberes-da-ufvjm-abre-inscricoes-para-estudantes,UFVJM,Universidade Federal dos Vales do Jequitinhonha e Mucuri,MG,UF,"Ensino, Pesquisa e Extensão",2026-07-22T18:31:10.315788+00:00
Unifap promove formação sobre proteção de crianças em situações de risco para professores da educação infantil,2026-07-21,https://www.unifap.br/unifap-promove-formacao-sobre-protecao-de-criancas-em-situacoes-de-risco-para-professores-da-educacao-infantil/,UNIFAP,Universidade Federal do Amapá,AP,UF,Destaque,2026-07-22T18:31:10.471087+00:00
UNIFAP amplia quadro de pesquisadores de produtividade com novos bolsistas do CNPq e da FAPEAP,2026-07-21,https://www.unifap.br/unifap-amplia-quadro-de-pesquisadores-de-produtividade-com-novos-bolsistas-do-cnpq-e-da-fapeap/,UNIFAP,Universidade Federal do Amapá,AP,UF,Destaque,2026-07-22T18:31:10.471118+00:00
"Seção de Desporto realiza nos dias 19 e 20/08 torneio de Pebolim, no campus das Auroras",2026-07-22,https://unilab.edu.br/2026/07/22/secao-de-desporto-realiza-nos-dias-19-e-20-08-torneio-de-pembolim-no-campus-das-auroras/,UNILAB,Universidade da Integração Internacional da Lusofonia Afro-Brasileira,CE,UF,Notícias,2026-07-22T18:31:10.590756+00:00
Unilab inicia implementação da Gestão de Riscos Institucional,2026-07-21,https://unilab.edu.br/2026/07/21/unilab-inicia-implementacao-da-gestao-de-riscos-institucional/,UNILAB,Universidade da Integração Internacional da Lusofonia Afro-Brasileira,CE,UF,Administração Pública,2026-07-22T18:31:10.590785+00:00
"Unilab, campus dos Malês, emite nota de pesar pelo falecimento da estudante Márcia Oliveira",2026-07-21,https://unilab.edu.br/2026/07/21/unilab-campus-dos-males-emite-nota-de-pesar-pelo-falecimento-da-estudante-marcia-oliveira/,UNILAB,Universidade da Integração Internacional da Lusofonia Afro-Brasileira,CE,UF,Aluno,2026-07-22T18:31:10.590808+00:00
Unilab completa 16 anos nesta segunda-feira (20/07),2026-07-20,https://unilab.edu.br/2026/07/20/unilab-completa-16-anos-nesta-segunda-feira-20-07/,UNILAB,Universidade da Integração Internacional da Lusofonia Afro-Brasileira,CE,UF,Banner Principal,2026-07-22T18:31:10.590828+00:00
"No dia 21/07, abertas as inscrições para aluno especial no Mestrado Profissional em Administração Pública (Profiap/Unilab)",2026-07-20,https://unilab.edu.br/2026/07/20/no-dia-21-07-abertas-as-inscricoes-para-aluno-especial-no-mestrado-profissional-em-administracao-publica-profiap-unilab/,UNILAB,Universidade da Integração Internacional da Lusofonia Afro-Brasileira,CE,UF,Notícias,2026-07-22T18:31:10.590848+00:00
Abertas as inscrições para seleção de propostas de eventos acadêmicos e culturais que integrarão a XII Semuni,2026-07-20,https://unilab.edu.br/2026/07/20/abertas-inscricoes-para-selecao-de-propostas-de-eventos-academicos-e-culturais-que-integrarao-a-xii-semuni/,UNILAB,Universidade da Integração Internacional da Lusofonia Afro-Brasileira,CE,UF,Notícias,2026-07-22T18:31:10.590869+00:00
[Sisu] Divulgada lista de convocados da 1ª chamada do processo seletivo pra o curso de Medicina (vagas remanescentes) e Ciências Contábeis (vagas novas); pré-matrícula deve ser feita até o dia 21/07,2026-07-20,https://unilab.edu.br/2026/07/20/sisu-divulgada-lista-de-convocados-da-1a-chamada-do-processo-seletivo-pra-o-curso-de-medicina-vagas-remanescentes-e-ciencias-contabeis-vagas-novas/,UNILAB,Universidade da Integração Internacional da Lusofonia Afro-Brasileira,CE,UF,Manchete,2026-07-22T18:31:10.590893+00:00
20 anos da Lei Maria da Penha,2026-07-22,https://portal.unila.edu.br/eventos/20-anos-da-lei-maria-da-penha,UNILA,Universidade Federal da Integração Latino-Americana,PR,UF,Geral,2026-07-22T18:31:10.604167+00:00
Aula magna da Pós-Graduação da UNILA,2026-07-22,https://portal.unila.edu.br/eventos/aula-magna-da-pos-graduacao-da-unila,UNILA,Universidade Federal da Integração Latino-Americana,PR,UF,Geral,2026-07-22T18:31:10.604218+00:00
Núcleo de Inovação Tecnológica e Social,2026-07-21,https://portal.unila.edu.br/informes/nucleo-de-inovacao-tecnologica-e-social,UNILA,Universidade Federal da Integração Latino-Americana,PR,UF,prppg,2026-07-22T18:31:10.604258+00:00
Colegiado e Comissões Internas,2026-07-21,https://portal.unila.edu.br/programas-pos-graduacao/ical/colegiado-e-comissoes-internas,UNILA,Universidade Federal da Integração Latino-Americana,PR,UF,Geral,2026-07-22T18:31:10.604314+00:00
UNILA abre inscrições para o Mestrado Profissional em Educação,2026-07-20,https://portal.unila.edu.br/noticias/unila-abre-inscricoes-para-o-mestrado-profissional-em-educacao,UNILA,Universidade Federal da Integração Latino-Americana,PR,UF,mestrado educação,2026-07-22T18:31:10.604370+00:00
UFPB recebe até o dia 31 documentos para comprovação do auxílio-moradia de estudantes,2026-07-22,https://www.ufpb.br/oportunidades/ufpb-recebe-ate-o-dia-31-documentos-para-comprovacao-do-auxilio-moradia-de-estudantes/,UFPB,Universidade Federal da Paraíba,PB,UF,Oportunidades,2026-07-22T18:31:10.697729+00:00
UFPB abre chamada interna para certificação do Selo ODS Educação 2026,2026-07-22,https://www.ufpb.br/oportunidades/ufpb-abre-chamada-interna-para-certificacao-do-selo-ods-educacao-2026/,UFPB,Universidade Federal da Paraíba,PB,UF,Oportunidades,2026-07-22T18:31:10.697761+00:00
UFPB divulga chamamento público para empresas interessadas em participar do Clube de Descontos,2026-07-22,https://www.ufpb.br/oportunidades/ufpb-divulga-chamamento-publico-para-empresas-interessadas-em-participar-do-clube-de-descontos/,UFPB,Universidade Federal da Paraíba,PB,UF,Oportunidades,2026-07-22T18:31:10.697784+00:00
NOTA DA REITORIA DA UFPB SOBRE OS ANIMAIS COMUNITÁRIOS,2026-07-22,https://www.ufpb.br/notas-oficiais/nota-da-reitoria-da-ufpb-sobre-os-animais-comunitarios/,UFPB,Universidade Federal da Paraíba,PB,UF,Notas Oficiais,2026-07-22T18:31:10.697804+00:00
Fest Aruanda é reconhecido como Patrimônio Cultural da Paraíba,2026-07-21,https://www.ufpb.br/noticias/fest-aruanda-e-reconhecido-como-patrimonio-cultural-da-paraiba/,UFPB,Universidade Federal da Paraíba,PB,UF,Notícias,2026-07-22T18:31:10.697824+00:00
Projeto Cães Solidários realiza visitas terapêuticas a pacientes em hospitais,2026-07-21,https://www.ufpb.br/noticias/projeto-caes-solidarios-realiza-visitas-terapeuticas-a-pacientes-em-hospitais/,UFPB,Universidade Federal da Paraíba,PB,UF,Notícias,2026-07-22T18:31:10.697844+00:00
Curso de Relações Públicas da UFPB lança primeira edição da revista Vira Voz,2026-07-20,https://www.ufpb.br/noticias/curso-de-relacoes-publicas-da-ufpb-lanca-primeira-edicao-da-revista-vira-voz/,UFPB,Universidade Federal da Paraíba,PB,UF,Notícias,2026-07-22T18:31:10.697864+00:00
UFPB realiza hoje (20) e amanhã (21) cadastramento da sexta chamada da Lista de Espera do SiSU,2026-07-20,https://www.ufpb.br/noticias/ufpb-realiza-hoje-20-e-amanha-21-cadastramento-da-sexta-chamada-da-lista-de-espera-do-sisu/,UFPB,Universidade Federal da Paraíba,PB,UF,Notícias,2026-07-22T18:31:10.697883+00:00
Progep oferta vagas para Terapia Floral,2026-07-20,https://www.ufpb.br/noticias/progep-oferta-vagas-para-terapia-floral/,UFPB,Universidade Federal da Paraíba,PB,UF,Notícias,2026-07-22T18:31:10.697900+00:00
Pesquisadores da UFPB desenvolvem sensor IoT para medir qualidade da água em escolas públicas,2026-07-20,https://www.ufpb.br/ciencia/pesquisadores-da-ufpb-desenvolvem-sensor-iot-para-medir-qualidade-da-agua-em-escolas-publicas/,UFPB,Universidade Federal da Paraíba,PB,UF,Divulgação Científica,2026-07-22T18:31:10.697919+00:00
Progepe informa sobre provimento de 172 cargos efetivos,2026-07-22,https://www.unirio.br/news/progepe-informa-sobre-datas-para-provimento-de-172-cargos-efetivos,UNIRIO,Universidade Federal do Estado do Rio de Janeiro,RJ,UF,Geral,2026-07-22T18:31:10.742450+00:00
UNIRIO participa com destaque do Congresso Brasileiro de Biblioteconomia e Documentação,2026-07-21,https://www.unirio.br/news/unirio-participa-com-destaque-do-congresso-brasileiro-de-biblioteconomia-e-documentacao,UNIRIO,Universidade Federal do Estado do Rio de Janeiro,RJ,UF,Geral,2026-07-22T18:31:10.742479+00:00
UNIRIO promove ciclo inédito com todas as obras para piano a quatro mãos de Schubert,2026-07-21,https://www.unirio.br/news/unirio-promove-ciclo-inedito-com-todas-as-obras-para-piano-a-quatro-maos-de-schubert,UNIRIO,Universidade Federal do Estado do Rio de Janeiro,RJ,UF,Geral,2026-07-22T18:31:10.742502+00:00
Projeto Missão Qualifica RJ celebra formaturas em diversos polos,2026-07-20,https://www.unirio.br/news/projeto-missao-qualifica-rj-celebra-formaturas-em-diversos-polos,UNIRIO,Universidade Federal do Estado do Rio de Janeiro,RJ,UF,Geral,2026-07-22T18:31:10.742522+00:00
SiSU 2026.2: divulgada última listagem de candidatos que terão a documentação analisada,2026-07-20,https://www.unirio.br/news/sisu-2026-2-divulgada-ultima-lista-de-candidatos-que-terao-a-documentacao-analisada,UNIRIO,Universidade Federal do Estado do Rio de Janeiro,RJ,UF,Geral,2026-07-22T18:31:10.742542+00:00
UFPA divulga 7ª chamada do Processo Seletivo 2026,2026-07-21,https://ufpa.br/ufpa-divulga-7a-chamada-do-processo-seletivo-2026/,UFPA,Universidade Federal do Pará,PA,UF,Processo Seletivo,2026-07-22T18:31:10.755658+00:00
"O artesão do invisível: ciência, humanidade e responsabilidade em um mundo que não para",2026-07-22,https://www.uemasul.edu.br/o-artesao-do-invisivel-ciencia-humanidade-e-responsabilidade-em-um-mundo-que-nao-para/,UEMASUL,Universidade Estadual da Região Tocantina do Maranhão,MA,UE,Eventos,2026-07-22T18:31:10.773808+00:00
"Uma só terra, muitos desafios: o papel das Ciências Agrárias frente às demandas contemporâneas",2026-07-22,https://www.uemasul.edu.br/uma-so-terra-muitos-desafios-o-papel-das-ciencias-agrarias-frente-as-demandas-contemporaneas/,UEMASUL,Universidade Estadual da Região Tocantina do Maranhão,MA,UE,Eventos,2026-07-22T18:31:10.773839+00:00
A construção de um profissional de excelência: a formação universitária como base para uma trajetória de sucesso,2026-07-22,https://www.uemasul.edu.br/a-construcao-de-um-profissional-de-excelencia-a-formacao-universitaria-como-base-para-uma-trajetoria-de-sucesso/,UEMASUL,Universidade Estadual da Região Tocantina do Maranhão,MA,UE,Eventos,2026-07-22T18:31:10.773863+00:00
Educação Financeira na Amazônia Legal: Planejamento e Cidadania,2026-07-22,https://www.uemasul.edu.br/educacao-financeira-na-amazonia-legal-planejamento-e-cidadania/,UEMASUL,Universidade Estadual da Região Tocantina do Maranhão,MA,UE,Eventos,2026-07-22T18:31:10.773883+00:00
I Encontro da Região Tocantina de Contabilidade e Direito Tributário 2026,2026-07-21,https://www.uemasul.edu.br/i-encontro-da-regiao-tocantina-de-contabilidade-e-direito-tributario-2026/,UEMASUL,Universidade Estadual da Região Tocantina do Maranhão,MA,UE,Eventos,2026-07-22T18:31:10.773902+00:00
Inscrições abertas para bolsa de doutorado em Singapura,2026-07-21,https://www.uemasul.edu.br/inscricoes-abertas-para-bolsa-de-doutorado-em-singapura/,UEMASUL,Universidade Estadual da Região Tocantina do Maranhão,MA,UE,Notícias,2026-07-22T18:31:10.773921+00:00
Cerimônias de Outorga de Grau 2026.1,2026-07-21,https://www.uemasul.edu.br/cerimonias-de-outorga-de-grau-2026-1/,UEMASUL,Universidade Estadual da Região Tocantina do Maranhão,MA,UE,Destaques,2026-07-22T18:31:10.773938+00:00
II Jornada sul maranhense de pneumologia,2026-07-20,https://www.uemasul.edu.br/uemasul-realiza-ii-jornada-sul-maranhense-de-pneumologia-em-agosto-de-2026/,UEMASUL,Universidade Estadual da Região Tocantina do Maranhão,MA,UE,Eventos,2026-07-22T18:31:10.773954+00:00
PS UNIR Complementar 2026 - 2ª chamada de matrícula para cursos do 2º semestre com ingresso pelas notas do Ensino Médio,2026-07-22,https://unir.br/noticia/exibir/12049,UNIR,Universidade Federal de Rondônia,RO,UF,Geral,2026-07-22T18:31:10.783291+00:00
UNIR convida a participar de consulta pública sobre a proposta do Plano de Dados Abertos (2026-2028),2026-07-21,https://unir.br/noticia/exibir/12048,UNIR,Universidade Federal de Rondônia,RO,UF,Geral,2026-07-22T18:31:10.783342+00:00
UNIR abre seleção para professores substitutos na área de Educação para Ji-Paraná,2026-07-21,https://unir.br/noticia/exibir/12047,UNIR,Universidade Federal de Rondônia,RO,UF,Geral,2026-07-22T18:31:10.783378+00:00
"Doenças neurológicas estão entre as principais causas de incapacidade e morte no mundo, alerta especialista do HDT-UFNT",2026-07-22,https://ufnt.edu.br/2026/07/22/doencas-neurologicas-estao-entre-as-principais-causas-de-incapacidade-e-morte-no-mundo-alerta-especialista-do-hdt-ufnt/,UFNT,Universidade Federal do Norte do Tocantins,TO,UF,Publicações principais,2026-07-22T18:31:11.029011+00:00
UFSM alcança a marca de 100 patentes concedidas pelo INPI,2026-07-22,https://www.ufsm.br/2026/07/22/ufsm-alcanca-a-marca-de-100-patentes-concedidas-pelo-inpi,UFSM,Universidade Federal de Santa Maria,RS,UF,Inovação,2026-07-22T18:31:11.082857+00:00
UFSM busca protagonismo em pesquisas com cannabis após novo marco regulatório da Anvisa,2026-07-22,https://www.ufsm.br/2026/07/22/ufsm-busca-protagonismo-em-pesquisas-com-cannabis-apos-novo-marco-regulatorio-da-anvisa,UFSM,Universidade Federal de Santa Maria,RS,UF,Divulga Ciência,2026-07-22T18:31:11.082889+00:00
Maratona de Leitura e Um Dia no Museu integram programação da 53ª Feira do Livro de Santa Maria,2026-07-22,https://www.ufsm.br/2026/07/22/maratona-de-leitura-e-um-dia-no-museu-integram-programacao-da-53a-feira-do-livro-de-santa-maria,UFSM,Universidade Federal de Santa Maria,RS,UF,Cultura,2026-07-22T18:31:11.082913+00:00
Empresa francesa líder em melhoramento de dálias vai receber alunos da UFSM a partir de 2027,2026-07-22,https://www.ufsm.br/2026/07/22/empresa-francesa-lider-em-melhoramento-de-dalias-vai-receber-alunos-da-ufsm-a-partir-de-2027,UFSM,Universidade Federal de Santa Maria,RS,UF,Geral,2026-07-22T18:31:11.082934+00:00
UFSM inaugura academia popular no Complexo Multicultural Antiga Reitoria,2026-07-21,https://www.ufsm.br/2026/07/21/ufsm-inaugura-academia-popular-no-complexo-multicultural-antiga-reitoria,UFSM,Universidade Federal de Santa Maria,RS,UF,Comunidade,2026-07-22T18:31:11.082954+00:00
1ª edição do FIIUFSM Jovem começa nesta terça-feira (21) no campus da UFSM,2026-07-21,https://www.ufsm.br/2026/07/21/1a-edicao-do-fiiufsm-jovem-comeca-nesta-terca-feira-21-no-campus-da-ufsm,UFSM,Universidade Federal de Santa Maria,RS,UF,Cultura,2026-07-22T18:31:11.082973+00:00
Missão técnica da UFSM leva produtores e pesquisadores ao Corn Belt dos Estados Unidos,2026-07-20,https://www.ufsm.br/2026/07/20/missao-tecnica-da-ufsm-leva-produtores-e-pesquisadores-ao-corn-belt-dos-estados-unidos,UFSM,Universidade Federal de Santa Maria,RS,UF,Agricultura,2026-07-22T18:31:11.082993+00:00
Pesquisas do LabQuaL da UFSM são apresentadas no 38º Congresso Nacional de Laticínios,2026-07-20,https://www.ufsm.br/2026/07/20/pesquisas-do-labqual-da-ufsm-sao-apresentadas-no-38o-congresso-nacional-de-laticinios,UFSM,Universidade Federal de Santa Maria,RS,UF,Geral,2026-07-22T18:31:11.083012+00:00
InovaTec UFSM promove evento de pré-inauguração do Hub de Inovação,2026-07-20,https://www.ufsm.br/2026/07/20/inovatec-ufsm-promove-evento-de-pre-inauguracao-do-hub-de-inovacao,UFSM,Universidade Federal de Santa Maria,RS,UF,Geral,2026-07-22T18:31:11.083030+00:00
Impact UFSCar tem pesquisa entre as melhores em hackathon global de IA,2026-07-22,https://www.ufscar.br/noticia?codigo=17102&id=impact-ufscar-tem-pesquisa-entre-as-melhores-em-hackathon-global-de-ia,UFSCar,Universidade Federal de São Carlos,SP,UF,Geral,2026-07-22T18:31:11.094840+00:00
Pesquisa da UFSCar recupera compostos de valor em resíduos da laranja,2026-07-22,https://www.ufscar.br/noticia?codigo=17100&id=pesquisa-da-ufscar-recupera-compostos-de-valor-em-residuos-da-laranja,UFSCar,Universidade Federal de São Carlos,SP,UF,Geral,2026-07-22T18:31:11.094888+00:00
Pesquisas da Computação da UFSCar recebem reconhecimento internacional,2026-07-22,https://www.ufscar.br/noticia?codigo=17099&id=pesquisas-da-computacao-da-ufscar-recebem-reconhecimento-internacional,UFSCar,Universidade Federal de São Carlos,SP,UF,Geral,2026-07-22T18:31:11.094916+00:00
UFSCar conquista Prêmio Fortec de Inovação com cultivares de alface,2026-07-22,https://www.ufscar.br/noticia?codigo=17098&id=ufscar-conquista-premio-fortec-de-inovacao-com-cultivares-de-alface,UFSCar,Universidade Federal de São Carlos,SP,UF,Geral,2026-07-22T18:31:11.094941+00:00
UFSCar recebe delegação da Beijing University of Chemical Technology,2026-07-22,https://www.ufscar.br/noticia?codigo=17097&id=ufscar-recebe-delegacao-da-beijing-university-of-chemical-technology,UFSCar,Universidade Federal de São Carlos,SP,UF,Geral,2026-07-22T18:31:11.094964+00:00
Pesquisa da UFSCar busca atletas para estudo sobre concussões no esporte,2026-07-22,https://www.ufscar.br/noticia?codigo=17103&id=pesquisa-da-ufscar-busca-atletas-para-estudo-sobre-concussoes-no-esporte,UFSCar,Universidade Federal de São Carlos,SP,UF,Geral,2026-07-22T18:31:11.094987+00:00
Livro sobre IA é destaque em congresso de Ciência Política,2026-07-22,https://www.ufscar.br/noticia?codigo=17101&id=livro-sobre-ia-e-destaque-em-congresso-de-ciencia-politica,UFSCar,Universidade Federal de São Carlos,SP,UF,Geral,2026-07-22T18:31:11.095010+00:00
UFSCar abre seleção para cadastro reserva de supervisores médicos,2026-07-22,https://www.ufscar.br/noticia?codigo=17094&id=ufscar-abre-selecao-para-cadastro-reserva-de-supervisores-medicos,UFSCar,Universidade Federal de São Carlos,SP,UF,Geral,2026-07-22T18:31:11.095054+00:00
UFRR sedia pela primeira vez reunião ordinária da Andifes que reúne dirigentes das universidades federais do país,2026-07-20,https://ufrr.br/noticias/ufrr-sedia-pela-primeira-vez-reuniao-ordinaria-da-andifes-que-reune-dirigentes-das-universidades-federais-do-pais/,UFRR,Universidade Federal de Roraima,RR,UF,Notícias,2026-07-22T18:31:11.168345+00:00
Adequações viárias no acesso ao Setor 3 da UFMS de Campo Grande amplia segurança e fluidez no trânsito,2026-07-22,https://www.ufms.br/adequacoes-viarias-no-acesso-ao-setor-3-da-ufms-de-campo-grande-amplia-seguranca-e-fluidez-no-transito/,UFMS,Universidade Federal de Mato Grosso do Sul,MS,UF,Notícias,2026-07-22T18:31:11.236752+00:00
"Expositores podem se inscrever até esta quinta-feira, 23, para o Arraiá UFMS 2026",2026-07-21,https://www.ufms.br/expositores-podem-se-inscrever-ate-esta-quinta-feira-23-para-o-arraia-ufms-2026/,UFMS,Universidade Federal de Mato Grosso do Sul,MS,UF,Notícias,2026-07-22T18:31:11.236781+00:00
Arraiá UFMS foca no Sertanejo Raiz e abre Autocine para dois dias de programação,2026-07-20,https://www.ufms.br/arraia-ufms-foca-no-sertanejo-raiz-e-abre-autocine-para-dois-dias-de-programacao/,UFMS,Universidade Federal de Mato Grosso do Sul,MS,UF,Destaque,2026-07-22T18:31:11.236804+00:00
Editora UFPR divulga a lista de expositores e descontos da 23ª Feira do Livro,2026-07-22,https://ufpr.br/editora-ufpr-divulga-a-lista-de-expositores-e-descontos-da-feira-do-livro/,UFPR,Universidade Federal do Paraná,PR,UF,Destaque Extensão e Cultura,2026-07-22T18:31:11.612965+00:00
Ciência UFPR: Por que ainda não conseguimos prever terremotos?,2026-07-22,https://ufpr.br/ciencia-ufpr-por-que-ainda-nao-conseguimos-prever-terremotos/,UFPR,Universidade Federal do Paraná,PR,UF,Ciência e Tecnologia,2026-07-22T18:31:11.612994+00:00
Monitoramento aéreo registra mais de 60 animais marinhos no litoral do Paraná,2026-07-21,https://ufpr.br/monitoramento-aereo-registra-mais-de-60-animais-marinhos-no-litoral-do-parana/,UFPR,Universidade Federal do Paraná,PR,UF,Carrossel,2026-07-22T18:31:11.613017+00:00
Mestrado em Planejamento Urbano da UFPR lança edital para ingresso em 2027,2026-07-21,https://ufpr.br/mestrado-em-planejamento-urbano-da-ufpr-lanca-edital-para-ingresso-em-2027/,UFPR,Universidade Federal do Paraná,PR,UF,Destaque Ensino e Educação,2026-07-22T18:31:11.613038+00:00
UFPR abre inscrições para turma de Jornalismo pelo Pronera,2026-07-21,https://ufpr.br/ufpr-abre-inscricoes-para-turma-de-jornalismo-pelo-pronera/,UFPR,Universidade Federal do Paraná,PR,UF,Destaque Ensino e Educação,2026-07-22T18:31:11.613057+00:00
Intercambistas da UFPR participam de festa julina do Celin,2026-07-21,https://ufpr.br/intercambistas-da-ufpr-participam-de-festa-julina-do-celin/,UFPR,Universidade Federal do Paraná,PR,UF,Destaque Extensão e Cultura,2026-07-22T18:31:11.613078+00:00
Obras da Editora UFPR e de docentes da instituição são semifinalistas do Jabuti Acadêmico 2026,2026-07-21,https://ufpr.br/obras-da-editora-ufpr-e-de-docentes-da-instituicao-sao-semifinalistas-do-jabuti-academico-2026/,UFPR,Universidade Federal do Paraná,PR,UF,Ciência e Tecnologia,2026-07-22T18:31:11.613099+00:00
Pós-Graduação em Educação está com inscrições abertas para mestrado e doutorado,2026-07-20,https://ufpr.br/pos-graduacao-em-educacao-esta-com-inscricoes-abertas-para-mestrado-e-doutorado/,UFPR,Universidade Federal do Paraná,PR,UF,Destaque Ensino e Educação,2026-07-22T18:31:11.613119+00:00
UFPR lamenta o falecimento do professor aposentado Iackson de Oliveira Borges,2026-07-20,https://ufpr.br/ufpr-lamenta-o-falecimento-do-professor-aposentado-jackson-de-oliveira-borges/,UFPR,Universidade Federal do Paraná,PR,UF,UFPR,2026-07-22T18:31:11.613155+00:00
Doutoranda da UFRGS ganha prêmio da Liga Brasileira de Epilepsia,2026-07-22,https://www.ufrgs.br/site/noticias/destaques-academicos/doutoranda-da-ufrgs-ganha-premio-da-liga-brasileira-de-epilepsia/,UFRGS,Universidade Federal do Rio Grande do Sul,RS,UF,Destaques acadêmicos,2026-07-22T18:31:12.056928+00:00
XIV CIENAGRO abre chamada para submissão de artigos científicos,2026-07-22,https://www.ufrgs.br/site/noticias/aluno/xiv-cienagro-abre-chamada-para-submissao-de-artigos-cientificos/,UFRGS,Universidade Federal do Rio Grande do Sul,RS,UF,Eventos,2026-07-22T18:31:12.056956+00:00
Centro de Línguas para Fins Acadêmicos abre inscrições para novos cursos em Língua Inglesa,2026-07-22,https://www.ufrgs.br/site/noticias/extensao/centro-de-linguas-para-fins-academicos-abre-inscricoes-para-novos-cursos-em-lingua-inglesa/,UFRGS,Universidade Federal do Rio Grande do Sul,RS,UF,Extensão,2026-07-22T18:31:12.056979+00:00
Primavera Botânica abre período para submissão de trabalhos de alunos da graduação e pós-graduação,2026-07-22,https://www.ufrgs.br/site/noticias/primavera-botanica-abre-periodo-para-submissao-de-trabalhos-de-alunos-da-graduacao-e-pos-graduacao/,UFRGS,Universidade Federal do Rio Grande do Sul,RS,UF,Todas as notícias,2026-07-22T18:31:12.057001+00:00
Começa o período de matrícula de calouros 2026/2,2026-07-22,https://www.ufrgs.br/site/noticias/graduacao/ingresso/comeca-o-periodo-de-matricula-de-calouros-2026-2/,UFRGS,Universidade Federal do Rio Grande do Sul,RS,UF,Todas as notícias,2026-07-22T18:31:12.057020+00:00
Prazo de inscrições de atividades para o Calouradas UFRGS 2026/2 segue até 24 de julho,2026-07-21,https://www.ufrgs.br/site/noticias/graduacao/ingresso/prazo-de-inscricoes-de-atividades-para-o-calouradas-ufrgs-2026-2-segue-ate-24-de-julho/,UFRGS,Universidade Federal do Rio Grande do Sul,RS,UF,Todas as notícias,2026-07-22T18:31:12.057040+00:00
UFRGS oferece cursos de extensão em Física para o Ensino Médio,2026-07-21,https://www.ufrgs.br/site/noticias/ufrgs-oferece-cursos-de-extensao-em-fisica-para-o-ensino-medio/,UFRGS,Universidade Federal do Rio Grande do Sul,RS,UF,Todas as notícias,2026-07-22T18:31:12.057058+00:00
UFRGS lidera rede que combate escassez de minerais com reciclagem avançada,2026-07-21,https://www.ufrgs.br/site/noticias/ufrgs-lidera-rede-que-combate-escassez-de-minerais-com-reciclagem-avancada/,UFRGS,Universidade Federal do Rio Grande do Sul,RS,UF,Todas as notícias,2026-07-22T18:31:12.057077+00:00
Consun aprova moções sobre participação social no planejamento urbano e em apoio a terceirizados,2026-07-20,https://www.ufrgs.br/site/noticias/consun-aprova-mocoes-sobre-participacao-social-no-planejamento-urbano-e-em-apoio-a-terceirizados/,UFRGS,Universidade Federal do Rio Grande do Sul,RS,UF,Consun,2026-07-22T18:31:12.057095+00:00
78ª Reunião Anual da SBPC lança plataforma de acessibilidade e amplia rede de apoio no Campus Gragoatá,2026-07-22,https://www.uff.br/22-07-2026/78a-reuniao-anual-da-sbpc-lanca-plataforma-de-acessibilidade-e-amplia-rede-de-apoio-no-campus-gragoata/?utm_source=rss&utm_medium=rss&utm_campaign=78a-reuniao-anual-da-sbpc-lanca-plataforma-de-acessibilidade-e-amplia-rede-de-apoio-no-campus-gragoata,UFF,Universidade Federal Fluminense,RJ,UF,Notícias institucionais,2026-07-22T18:31:13.409977+00:00
Vozes da SBPC: Como a química interfere no mundo e cotidiano para além da ciência,2026-07-22,https://www.uff.br/22-07-2026/vozes-da-sbpc-como-a-quimica-interfere-no-mundo-e-cotidiano-para-alem-da-ciencia/?utm_source=rss&utm_medium=rss&utm_campaign=vozes-da-sbpc-como-a-quimica-interfere-no-mundo-e-cotidiano-para-alem-da-ciencia,UFF,Universidade Federal Fluminense,RJ,UF,Notícias institucionais,2026-07-22T18:31:13.410007+00:00
Radar SBPC: Protótipo desenvolvido na UFF aposta em tecnologia para apoiar pessoas com dislexia no aprendizado de idiomas,2026-07-21,https://www.uff.br/21-07-2026/radar-sbpc-prototipo-desenvolvido-na-uff-aposta-em-tecnologia-para-apoiar-pessoas-com-dislexia-no-aprendizado-de-idiomas/?utm_source=rss&utm_medium=rss&utm_campaign=radar-sbpc-prototipo-desenvolvido-na-uff-aposta-em-tecnologia-para-apoiar-pessoas-com-dislexia-no-aprendizado-de-idiomas,UFF,Universidade Federal Fluminense,RJ,UF,Divulgação Científica,2026-07-22T18:31:13.410030+00:00
UFF lança assistente de IA com informações sobre a 78ª Reunião Anual da SBPC,2026-07-21,https://www.uff.br/21-07-2026/uff-lanca-assistente-de-ia-com-informacoes-sobre-a-78a-reuniao-anual-da-sbpc/?utm_source=rss&utm_medium=rss&utm_campaign=uff-lanca-assistente-de-ia-com-informacoes-sobre-a-78a-reuniao-anual-da-sbpc,UFF,Universidade Federal Fluminense,RJ,UF,Notícias institucionais,2026-07-22T18:31:13.410051+00:00
Portal do Governo Brasileiro,2026-07-22,http://brasil.gov.br,UFBA,Universidade Federal da Bahia,BA,UF,Geral,2026-07-22T18:48:08.549194+00:00
Atualize sua Barra de Governo,2026-07-22,http://epwg.governoeletronico.gov.br/barra/atualize.html,UFBA,Universidade Federal da Bahia,BA,UF,Geral,2026-07-22T18:48:08.549222+00:00
Pular para o conteúdo principal,2026-07-22,https://www.ufba.br/#main-content,UFBA,Universidade Federal da Bahia,BA,UF,Geral,2026-07-22T18:48:08.549247+00:00
PAAE 2026 | divulgado resultado dos recursos e resultado final,2026-07-22,https://portal.ifba.edu.br/irece/noticias-2/noticias/2026-defeso/paae-2026-divulgado-resultado-dos-recursos-e-resultado-final,IFBA,Instituto Federal da Bahia,BA,IF,Geral,2026-07-22T18:48:08.580833+00:00
"Coletânea ""História Social e História Cultural”",2026-07-22,https://portal.unila.edu.br/informes/coletanea-historia-social-e-historia-cultural201d,UNILA,Universidade Federal da Integração Latino-Americana,PR,UF,mestrado história,2026-07-22T18:48:11.084083+00:00
Uma mobilização para aprimorar o processo de compras da Universidade,2026-07-22,https://jornal.usp.br/artigos/uma-mobilizacao-para-aprimorar-o-processo-de-compras-da-universidade/,USP,Universidade de São Paulo,SP,UE,Artigos,2026-07-23T10:25:36.461554+00:00
Pesquisa identifica fatores que determinam escolhas alimentares de famílias brasileiras,2026-07-22,https://jornal.usp.br/artigos/pesquisa-identifica-fatores-que-determinam-escolhas-alimentares-de-familias-brasileiras/,USP,Universidade de São Paulo,SP,UE,Artigos,2026-07-23T10:25:36.461597+00:00
Plataforma orienta profissionais do esporte sobre riscos da manipulação de resultados,2026-07-22,https://jornal.usp.br/campus-ribeirao-preto/plataforma-orienta-profissionais-do-esporte-sobre-riscos-da-manipulacao-de-resultados/,USP,Universidade de São Paulo,SP,UE,Campus Ribeirão Preto,2026-07-23T10:25:36.461630+00:00
Exposição com registros gráficos apresenta luta contra a ditadura,2026-07-22,https://jornal.usp.br/cadernodecultura/registros-graficos-ditadura/,USP,Universidade de São Paulo,SP,UE,Caderno de Cultura,2026-07-23T10:25:36.461658+00:00
Anoitecer no CienTec tem visitas noturnas com programação de divulgação científica,2026-07-22,https://jornal.usp.br/cadernodecultura/anoitecer-no-cientec-divulgacao-cientifica/,USP,Universidade de São Paulo,SP,UE,Caderno de Cultura,2026-07-23T10:25:36.461685+00:00
Mostra USP Ecofalante 2026 tem inscrições abertas para vídeos com temas socioambientais,2026-07-22,https://jornal.usp.br/campus-ribeirao-preto/mostra-usp-ecofalante-2026-tem-inscricoes-abertas-para-videos-com-temas-socioambientais/,USP,Universidade de São Paulo,SP,UE,Campus Ribeirão Preto,2026-07-23T10:25:36.461713+00:00
Derrota na Copa expõe impacto emocional do futebol e ensina a lidar com frustrações,2026-07-22,https://jornal.usp.br/radio-usp/derrota-na-copa-expoe-impacto-emocional-do-futebol-e-ensina-a-lidar-com-frustracoes/,USP,Universidade de São Paulo,SP,UE,Jornal da USP no Ar,2026-07-23T10:25:36.461743+00:00
Curso de extensão da USP aborda os fundamentos da inteligência artificial,2026-07-22,https://jornal.usp.br/universidade/curso-de-extensao-da-usp-aborda-os-fundamentos-da-inteligencia-artificial/,USP,Universidade de São Paulo,SP,UE,Cursos,2026-07-23T10:25:36.461769+00:00
IFSP cria Grupo de Formadores para ampliar a formação continuada de servidores,2026-07-23,https://www.ifsp.edu.br/index.php/ultimas-noticias/6000-ifsp-cria-rede-de-formadores-para-ampliar-a-formacao-continuada-de-servidores,IFSP,Instituto Federal de São Paulo,SP,IF,Últimas notícias,2026-07-23T10:25:36.500146+00:00
Campus Bambuí terá Bacharelado em Inteligência Artificial a partir de 2027,2026-07-23,https://www.ifmg.edu.br/portal/campus-bambui-tera-bacharelado-em-inteligencia-artificial-a-partir-de-2027,IFMG,Instituto Federal de Minas Gerais,MG,IF,Geral,2026-07-23T10:25:36.738180+00:00
"IFMT oferta 70 vagas e cadastro de reserva para cursos FIC nos campi Sinop, Cáceres e Primavera do Leste",2026-07-22,https://ifmt.edu.br/blog/ifmt-oferta-70-vagas-e-cadastro-de-reserva-para-cursos-fic-para-os-campi-primavera-do-leste-caceres-e-sinop/,IFMT,Instituto Federal do Mato Grosso,MT,IF,Destaques,2026-07-23T10:25:36.920186+00:00
Estande no Cianorte Festival 2026 apresenta ações e projetos da UEM,2026-07-22,https://www.uem.br/noticias-externas/noticias-uem/estande-no-cianorte-festival-2026-apresenta-acoes,UEM,Universidade Estadual de Maringá,PR,UE,Geral,2026-07-23T10:25:37.310971+00:00
Programa Futuras Cientistas abre chamada para projetos de imersão científica,2026-07-22,https://ufob.edu.br/a-ufob/estrutura/pro-reitorias/propgp/informes/programa-futuras-cientistas-abre-chamada-para-projetos-de-imersao-cientifica,UFOB,Universidade Federal do Oeste da Bahia,BA,UF,Geral,2026-07-23T10:25:37.997187+00:00
Acordo flexibiliza operação de linha de ônibus e amplia segurança de estudantes,2026-07-22,https://www.unicamp.br/noticias/2026/07/22/acordo-flexibiliza-operacao-de-linha-de-onibus-e-amplia-seguranca-de-estudantes/,UNICAMP,Universidade Estadual de Campinas,SP,UE,Atualidades,2026-07-23T10:25:38.040634+00:00
Coordenadoria orienta adoção de logotipo oficial dos 60 anos da Universidade em toda comunicação institucional,2026-07-22,https://www.unicamp.br/noticias/2026/07/22/coordenadoria-orienta-adocao-de-logotipo-oficial-dos-60-anos-da-universidade-em-toda-comunicacao-institucional/,UNICAMP,Universidade Estadual de Campinas,SP,UE,Notas e comunicados,2026-07-23T10:25:38.040682+00:00
Inscrições para Processo Seletivo Especial de Vagas Remanescentes 2026 da UNEB iniciam na próxima terça-feira (28),2026-07-22,https://portal.uneb.br/2026/07/22/inscricoes-para-processo-seletivo-especial-de-vagas-remanescentes-2026-da-uneb-iniciam-na-proxima-terca-feira-28/,UNEB,Universidade do Estado da Bahia,BA,UE,Institucional,2026-07-23T10:25:38.143667+00:00
Proppgi abre seleção de monitores para a XII Semana Universitária da Unilab,2026-07-22,https://unilab.edu.br/2026/07/22/proppgi-abre-selecao-de-monitores-para-a-xii-semana-universitaria-da-unilab/,UNILAB,Universidade da Integração Internacional da Lusofonia Afro-Brasileira,CE,UF,Aluno,2026-07-23T10:25:38.468688+00:00
UFDPar promove Roda de Conversa sobre qualidade de vida para colaboradores terceirizados,2026-07-22,https://ufdpar.edu.br/UFDPar/ufdpar-promove-roda-de-conversa-sobre-qualidade-de-vida-para-colaboradores-terceirizados,UFDPar,Universidade Federal do Delta do Parnaíba,PI,UF,Geral,2026-07-23T10:25:39.173828+00:00
Enfrentamento à violência contra as mulheres,2026-07-22,https://portal.unila.edu.br/informes/enfrentamento-a-violencia-contra-as-mulheres,UNILA,Universidade Federal da Integração Latino-Americana,PR,UF,servidores,2026-07-23T10:25:39.297631+00:00
Prêmio Fundação Péter Murányi,2026-07-22,https://portal.unila.edu.br/informes/premio-fundacao-peter-muranyi,UNILA,Universidade Federal da Integração Latino-Americana,PR,UF,professores,2026-07-23T10:25:39.297688+00:00
Evento on-line debate memórias e trajetórias de mulheres armênias no Brasil,2026-07-23,https://www.unirio.br/news/evento-on-line-debate-memorias-e-trajetorias-de-mulheres-armenias-no-brasil,UNIRIO,Universidade Federal do Estado do Rio de Janeiro,RJ,UF,Geral,2026-07-23T10:25:39.661317+00:00
Progep divulga a agenda da terceira revisão do Plano de Desenvolvimento de Pessoas (PDP) 2026,2026-07-22,https://unir.br/noticia/exibir/12050,UNIR,Universidade Federal de Rondônia,RO,UF,Geral,2026-07-23T10:25:39.755894+00:00
UFPB realiza capacitação com terceirizados sobre gestão adequada de resíduos sólidos do Campus I,2026-07-22,https://www.ufpb.br/noticias/ufpb-realiza-capacitacao-com-terceirizados-sobre-gestao-adequada-de-residuos-solidos-do-campus-i/,UFPB,Universidade Federal da Paraíba,PB,UF,Notícias,2026-07-23T10:25:40.287691+00:00
Reitora da UFSCar assume presidência da Andifes,2026-07-23,https://www.ufscar.br/noticia?codigo=17104&id=reitora-da-ufscar-assume-presidencia-da-andifes,UFSCar,Universidade Federal de São Carlos,SP,UF,Geral,2026-07-23T10:25:40.679264+00:00
Adequações viárias no acesso ao Setor 3 da UFMS de Campo Grande ampliam segurança e fluidez no trânsito,2026-07-22,https://www.ufms.br/adequacoes-viarias-no-acesso-ao-setor-3-da-ufms-de-campo-grande-ampliam-seguranca-e-fluidez-no-transito/,UFMS,Universidade Federal de Mato Grosso do Sul,MS,UF,Notícias,2026-07-23T10:25:41.051102+00:00
IFBA Feira de Santana publica resultado final das bancas do Processo Seletivo Superior 2026.2 para Design de Interiores,2026-07-23,https://portal.ifba.edu.br/feira-de-santana/noticias/2026/ifba-feira-de-santana-publica-resultado-final-das-bancas-do-processo-seletivo-superior-2026-2-para-design-de-interiores,IFBA,Instituto Federal da Bahia,BA,IF,Geral,2026-07-23T10:25:41.892594+00:00
IFBA Feira de Santana divulga resultado final das bancas dos cursos subsequentes 2026.2,2026-07-23,https://portal.ifba.edu.br/feira-de-santana/noticias/2026/ifba-feira-de-santana-divulga-resultado-final-das-bancas-dos-cursos-subsequentes-2026.2,IFBA,Instituto Federal da Bahia,BA,IF,Geral,2026-07-23T10:25:41.892637+00:00
Simulado Unificado do Programa PartiuIF no IFBA,2026-07-22,https://portal.ifba.edu.br/partiuif/simuladopartiuif,IFBA,Instituto Federal da Bahia,BA,IF,Geral,2026-07-23T10:25:41.892667+00:00
Projeto de Painel Assistivo para Pessoas com TEA marca presença na 1ª edição da RoboT-SE,2026-07-22,https://portal.ifba.edu.br/santo-amaro/galeria/fotos/2026/projeto-de-painel-assistivo-para-pessoas-com-tea-marca-presenca-na-1a-edicao-da-robot-se,IFBA,Instituto Federal da Bahia,BA,IF,Geral,2026-07-23T10:25:41.892699+00:00
IFBA Campus Barreiras abre inscrições para monitores voluntários da Segunda Ação Portas Abertas,2026-07-22,https://portal.ifba.edu.br/barreiras/noticias-2026/julho/ifba-campus-barreiras-abre-inscricoes-para-monitores-voluntarios-da-segunda-acao-portas-abertas,IFBA,Instituto Federal da Bahia,BA,IF,Geral,2026-07-23T10:25:41.892728+00:00
"XI Seconji celebra a juventude negra com rodas de conversa, oficinas e apresentações culturais em Jequié",2026-07-22,https://portal.ifba.edu.br/jequie/eventos/2025/xi-seconji-celebra-a-juventude-negra-com-rodas-de-conversa-oficinas-e-apresentacoes-culturais-em-jequie,IFBA,Instituto Federal da Bahia,BA,IF,Geral,2026-07-23T10:25:41.892757+00:00
e-JIFBA SAM 2026: Resultado Definitivo das Representações do campus Santo Amaro,2026-07-22,https://portal.ifba.edu.br/santo-amaro/noticias-2026/e-jifba-sam-2026-resultado-definitivo-das-representacoes-do-campus-santo-amaro,IFBA,Instituto Federal da Bahia,BA,IF,Geral,2026-07-23T10:25:41.892799+00:00
Aviso de Contratação Direta Nº33/2025,2026-07-22,https://portal.ifba.edu.br/jequie/institucional/editais/2025/dispensa-de-licitacao-cotacao-eletronica-de-precos/aviso-de-contratacao-direta-no33-2025,IFBA,Instituto Federal da Bahia,BA,IF,Geral,2026-07-23T10:25:41.892831+00:00
Canais e Horários de Atendimento,2026-07-22,https://portal.ifba.edu.br/jequie/institucional/setores/canais-e-horarios-de-atendimento,IFBA,Instituto Federal da Bahia,BA,IF,Geral,2026-07-23T10:25:41.892864+00:00
Pronasci Juventude seleciona profissionais em Psicologia e Pedagogia em Pernambuco,2026-07-23,https://portal.ifpe.edu.br/noticias/pronasci-juventude-seleciona-profissionais-em-psicologia-e-pedagogia-em-pernambuco/,IFPE,Instituto Federal de Pernambuco,PE,IF,Notícias,2026-07-24T10:21:40.954344+00:00
IFPE atualiza regulamento do programa de monitoria,2026-07-23,https://portal.ifpe.edu.br/noticias/ifpe-atualiza-regulamento-do-programa-de-monitoria/,IFPE,Instituto Federal de Pernambuco,PE,IF,Notícias,2026-07-24T10:21:40.954380+00:00
Seleção cursos técnicos 2026/2: veja o resultado preliminar das matrículas da 1º Chamada,2026-07-24,https://www.ifsp.edu.br/index.php/ultimas-noticias/6004-selecao-cursos-tecnicos-2026-2-veja-o-resultado-preliminar-das-matriculas-da-1-chamada,IFSP,Instituto Federal de São Paulo,SP,IF,Últimas notícias,2026-07-24T10:21:41.302506+00:00
Edital nº 139/2026 — Chamada pública para captar apoio ao Encontro das Equipes de Formação Continuada do IFSP,2026-07-23,https://www.ifsp.edu.br/index.php/ultimas-noticias/6003-edital-n-139-2026-chamada-publica-para-captar-apoio-ao-encontro-das-equipes-de-formacao-continuada-do-ifsp,IFSP,Instituto Federal de São Paulo,SP,IF,Últimas notícias,2026-07-24T10:21:41.302537+00:00
"Com seis vencedores do Nobel, evento na USP busca fortalecer a área de teoria dos jogos no País",2026-07-23,https://jornal.usp.br/universidade/com-seis-vencedores-do-nobel-evento-na-usp-busca-fortalecer-a-area-de-teoria-dos-jogos-no-pais/,USP,Universidade de São Paulo,SP,UE,Eventos,2026-07-24T10:21:41.333146+00:00
O Brasil tem tudo para ser um provedor mundial de infraestrutura para IA. Vai perder a chance?,2026-07-23,https://jornal.usp.br/articulistas/paulo-feldmann/o-brasil-tem-tudo-para-ser-um-provedor-de-infraestrutura-na-geopolitica-mundial-pos-ia/,USP,Universidade de São Paulo,SP,UE,Paulo Feldmann,2026-07-24T10:21:41.333170+00:00
Edgar Morin: 100 anos produzindo obras,2026-07-23,https://jornal.usp.br/articulistas/enio-alterman-blay/edgar-morin-100-anos-produzindo-obras/,USP,Universidade de São Paulo,SP,UE,Enio Alterman Blay,2026-07-24T10:21:41.333187+00:00
A busca infrutífera pela excepcionalidade humana,2026-07-23,https://jornal.usp.br/artigos/a-busca-infrutifera-pela-excepcionalidade-humana/,USP,Universidade de São Paulo,SP,UE,Artigos,2026-07-24T10:21:41.333202+00:00
Chips da beleza oferecem riscos à saúde e não têm respaldo científico,2026-07-23,https://jornal.usp.br/radio-usp/chips-da-beleza-oferecem-riscos-a-saude-e-nao-tem-respaldo-cientifico/,USP,Universidade de São Paulo,SP,UE,Jornal da USP no Ar,2026-07-24T10:21:41.333218+00:00
Terceira edição do Seminário Cosmopolíticas do Cuidado no Fim-do-Mundo celebra parcerias e perspectivas amazônicas,2026-07-23,https://jornal.usp.br/diversidade/terceira-edicao-do-seminario-cosmopoliticas-do-cuidado-no-fim-do-mundo-celebra-parcerias-e-perspectivas-amazonicas/,USP,Universidade de São Paulo,SP,UE,Diversidade,2026-07-24T10:21:41.333235+00:00
Parque de Inovação e Tecnologia da USP recebe 12 novas startups para programa de incubação,2026-07-23,https://jornal.usp.br/universidade/parque-de-inovacao-e-tecnologia-da-usp-recebe-12-novas-startups-para-programa-de-incubacao/,USP,Universidade de São Paulo,SP,UE,Campus Ribeirão Preto,2026-07-24T10:21:41.333251+00:00
Livro traz ao público juvenil narrativa mítica baseada na cosmologia iorubá,2026-07-23,https://jornal.usp.br/cultura/livro-traz-ao-publico-juvenil-narrativa-mitica-baseada-na-cosmologia-ioruba/,USP,Universidade de São Paulo,SP,UE,Cultura,2026-07-24T10:21:41.333273+00:00
Monumentos públicos incentivam o pensamento crítico e a revisão da história,2026-07-23,https://jornal.usp.br/atualidades/monumentos-publicos-incentivam-o-pensamento-critico-e-a-revisao-da-historia/,USP,Universidade de São Paulo,SP,UE,Atualidades,2026-07-24T10:21:41.333288+00:00
USP oferece curso de programação avançada para adolescentes,2026-07-23,https://jornal.usp.br/campus-ribeirao-preto/usp-oferece-curso-de-programacao-avancada-para-adolescentes/,USP,Universidade de São Paulo,SP,UE,Campus Ribeirão Preto,2026-07-24T10:21:41.333302+00:00
Estudo analisa as presença da agricultura familiar no Centro-Oeste brasileiro,2026-07-23,https://jornal.usp.br/radio-usp/estudo-analisa-as-presenca-da-agricultura-familiar-no-centro-oeste-brasileiro/,USP,Universidade de São Paulo,SP,UE,Jornal da USP no Ar,2026-07-24T10:21:41.333318+00:00
Science shows that aging is not synonymous with dementia when lifestyle changes,2026-07-23,https://jornal.usp.br/uspnews/science-shows-that-aging-is-not-synonymous-with-dementia-when-lifestyle-changes/,USP,Universidade de São Paulo,SP,UE,USP News,2026-07-24T10:21:41.333332+00:00
"Aumento dos níveis de resistência a antibióticos é ameaça à saúde global, diz OMS",2026-07-23,https://jornal.usp.br/atualidades/aumento-dos-niveis-de-resistencia-a-antibioticos-e-ameaca-a-saude-global-diz-oms/,USP,Universidade de São Paulo,SP,UE,Atualidades,2026-07-24T10:21:41.333346+00:00
Amamentação tem papel importante na formação bucal do bebê,2026-07-23,https://jornal.usp.br/campus-ribeirao-preto/amamentacao-tem-papel-importante-na-formacao-bucal-do-bebe/,USP,Universidade de São Paulo,SP,UE,Campus Ribeirão Preto,2026-07-24T10:21:41.333359+00:00
Pressão por produtividade e falta de treinamento favorecem crescimento do mercado de periódicos predatórios,2026-07-23,https://jornal.usp.br/ciencias/pressao-por-produtividade-e-falta-de-treinamento-favorecem-crescimento-do-mercado-de-periodicos-predatorios/,USP,Universidade de São Paulo,SP,UE,Ciências,2026-07-24T10:21:41.333375+00:00
Sistemas Complexos – O que ocorre no cérebro durante estados alterados de consciência?,2026-07-23,https://jornal.usp.br/ciencias/sistemas-complexos-o-que-ocorre-no-cerebro-durante-estados-alterados-de-consciencia/,USP,Universidade de São Paulo,SP,UE,Ciências,2026-07-24T10:21:41.333392+00:00
O mundo se aproxima do fim da Agenda 2030 sem cumprir metas de desenvolvimento sustentável,2026-07-23,https://jornal.usp.br/radio-usp/o-mundo-se-aproxima-do-fim-da-agenda-2030-sem-cumprir-metas-de-desenvolvimento-sustentavel/,USP,Universidade de São Paulo,SP,UE,Colunistas,2026-07-24T10:21:41.333407+00:00
Campus Bambuí terá Bacharelado em Inteligência Artificial a partir de 2027,2026-07-23,https://www.ifmg.edu.br/portal/noticias/campus-bambui-tera-bacharelado-em-inteligencia-artificial-a-partir-de-2027,IFMG,Instituto Federal de Minas Gerais,MG,IF,Geral,2026-07-24T10:21:41.429548+00:00
Cursos técnicos e superiores gratuitos do IFRS com vagas não preenchidas recebem inscrições,2026-07-23,https://ifrs.edu.br/cursos-tecnicos-e-superiores-gratuitos-do-ifrs-com-vagas-nao-preenchidas-recebem-inscricoes/,IFRS,Instituto Federal do Rio Grande do Sul,RS,IF,Estude no IFRS,2026-07-24T10:21:41.707663+00:00
"EDITAL PROP/PREX Nº 013/2026 – Retificação do Resultado Parcial (2º Lote) – Apoio à Participação em Eventos Científicos, de Extensão e de Capacitação Profissional",2026-07-23,https://uespi.br/edital-prop-prex-no-013-2026-retificacao-do-resultado-parcial-2o-lote-apoio-a-participacao-em-eventos-cientificos-de-extensao-e-de-capacitacao-profissional/,UESPI,Universidade Estadual do Piauí,PI,UE,Editais,2026-07-24T10:21:42.261346+00:00
UEM abre inscrições para exame oficial de proficiência em português,2026-07-23,https://www.uem.br/noticias-externas/noticias-uem/uem-abre-inscricoes-para-exame-oficial-de,UEM,Universidade Estadual de Maringá,PR,UE,Geral,2026-07-24T10:21:42.385333+00:00
"CINE NEABI 2026: Divulgada a programação das atividades dos dias 25, 28, e 31/julho",2026-07-24,https://portal.ifba.edu.br/santo-amaro/noticias-2026/cine-neabi-2026-divulgada-a-programacao-das-atividades-dos-dias-25-28-e-31-julho,IFBA,Instituto Federal da Bahia,BA,IF,Geral,2026-07-24T10:21:42.834518+00:00
IFBA Campus Feira de Santana divulga homologação das matrículas para Design de Interiores,2026-07-24,https://portal.ifba.edu.br/feira-de-santana/noticias/ifba-campus-feira-de-santana-divulga-homologacao-das-matriculas-para-design-de-interiores,IFBA,Instituto Federal da Bahia,BA,IF,Geral,2026-07-24T10:21:42.834544+00:00
Inscrições para participação no NEABI estão abertas até 5 de agosto,2026-07-24,https://portal.ifba.edu.br/barreiras/inscricoes-para-participacao-no-neabi-estao-abertas-ate-5-de-agosto,IFBA,Instituto Federal da Bahia,BA,IF,Geral,2026-07-24T10:21:42.834560+00:00
IFBA Campus Barreiras publica edital para concessão de espaço destinado à cantina,2026-07-24,https://portal.ifba.edu.br/barreiras/noticias-2026/julho/ifba-campus-barreiras-publica-edital-para-concessao-de-espaco-destinado-a-cantina,IFBA,Instituto Federal da Bahia,BA,IF,Geral,2026-07-24T10:21:42.834580+00:00
Inscrições para participação no NEABI estão abertas até 5 de agosto,2026-07-24,https://portal.ifba.edu.br/barreiras/noticias-2026/julho/inscricoes-para-participacao-no-neabi-estao-abertas-ate-5-de-agosto,IFBA,Instituto Federal da Bahia,BA,IF,Geral,2026-07-24T10:21:42.834594+00:00
Pregão Eletrônica (SRP) nº 90001/2026,2026-07-24,https://portal.ifba.edu.br/barreiras/acesso-a-informacao/pregao-eletronica-srp-no-90001-2026,IFBA,Instituto Federal da Bahia,BA,IF,Geral,2026-07-24T10:21:42.834609+00:00
2ª Chamada do Processo Seletivo Simplificado Unificado (Curso Superior em Tecnólogo em Análise e Desenvolvimento de Sistemas - ADS),2026-07-24,https://portal.ifba.edu.br/seabra/2a-chamada-do-processo-seletivo-simplificado-unificado-curso-superior-em-tecnologo-em-analise-e-desenvolvimento-de-sistemas-ads,IFBA,Instituto Federal da Bahia,BA,IF,Geral,2026-07-24T10:21:42.834625+00:00
Comunicado - Diretoria de Ensino / Direção-Geral: Orientações sobre o uso do uniforme escolar entra em vigor na segunda-feira (03.AGO.2026),2026-07-23,https://portal.ifba.edu.br/santo-amaro/noticias-2026/comunicado-diretoria-de-ensino-direcao-geral-orientacoes-sobre-o-uso-do-uniforme-escolar-entra-em-vigor-na-segunda-feira-03-ago-2026,IFBA,Instituto Federal da Bahia,BA,IF,Geral,2026-07-24T10:21:42.834640+00:00
Divulgado resultado preliminar da homologação das inscrições do Edital nº 17/2026,2026-07-23,https://portal.ifba.edu.br/conquista/divulgado-resultado-preliminar-da-homologacao-das-inscricoes-do-edital-no-17-2026,IFBA,Instituto Federal da Bahia,BA,IF,Geral,2026-07-24T10:21:42.834656+00:00
Resultado Preliminar - Edital nº12/2026 - Membros para o CEP-IFBA,2026-07-23,https://portal.ifba.edu.br/prpgi/cep/notas-e-comunicados/copy16_of_recesso-final-de-ano-2020-do-cep-ifba,IFBA,Instituto Federal da Bahia,BA,IF,Geral,2026-07-24T10:21:42.834669+00:00
Matrícula da 2ª chamada para cursos subsequentes do IFBA ocorre de 27 a 31 de julho,2026-07-23,https://portal.ifba.edu.br/conquista/matricula-da-2a-chamada-para-cursos-subsequentes-do-ifba-ocorre-de-27-a-31-de-julho,IFBA,Instituto Federal da Bahia,BA,IF,Geral,2026-07-24T10:21:42.834683+00:00
Homologação preliminar das inscrições de bolsistas da pós-graduação,2026-07-23,https://uerr.edu.br/homologacao-preliminar-das-inscricoes-de-bolsistas-da-pos-graduacao/,UERR,Universidade Estadual de Roraima,RR,UE,Últimas,2026-07-24T10:21:43.260159+00:00
Seleção para aluno especial do Mestrado em Agroecologia,2026-07-23,https://uerr.edu.br/selecao-para-aluno-especial-do-mestrado-em-agroecologia/,UERR,Universidade Estadual de Roraima,RR,UE,Últimas,2026-07-24T10:21:43.260181+00:00
Cronograma dos cursos EaD da UERR,2026-07-22,https://uerr.edu.br/cronograma-ead-uerr-2026-2/,UERR,Universidade Estadual de Roraima,RR,UE,Últimas,2026-07-24T10:21:43.260211+00:00
Inova USCS promove Simpósio de Biologia Molecular para alunos de Saúde,2026-07-23,https://uscs.edu.br/inova-uscs-promove-simposio-de-biologia-molecular-para-alunos-de-saude/,USCS,Universidade Municipal de São Caetano do Sul,SP,UE,Geral,2026-07-24T10:21:43.544837+00:00
Projeto da USCS leva soluções criativas em Arquitetura para Escola Municipal,2026-07-23,https://uscs.edu.br/projeto-da-uscs-leva-solucoes-criativas-em-arquitetura-para-escola-municipal/,USCS,Universidade Municipal de São Caetano do Sul,SP,UE,Geral,2026-07-24T10:21:43.544861+00:00
Festival Buriti amplia prazo de inscrição em Mostra Competitiva até domingo (26),2026-07-24,https://ufob.edu.br/noticias/festival-buriti-prorroga-inscricoes-em-mostra-competitiva-ate-domingo-26,UFOB,Universidade Federal do Oeste da Bahia,BA,UF,Geral,2026-07-24T10:21:43.796467+00:00
XIV Encontro de Coordenadores de Cursos de Graduação acontece em agosto,2026-07-23,https://ufob.edu.br/a-ufob/estrutura/pro-reitorias/prograd/informes/xiv-encontro-de-coordenadores-de-cursos-de-graduacao-acontece-em-agosto,UFOB,Universidade Federal do Oeste da Bahia,BA,UF,Geral,2026-07-24T10:21:43.796502+00:00
Nova certificação dos Programas Institucionais de Ensino será realizada pelo Sipac,2026-07-23,https://ufob.edu.br/a-ufob/estrutura/pro-reitorias/prograd/informes/nova-certificacao-dos-programas-institucionais-de-ensino-sera-realizada-pelo-sipac,UFOB,Universidade Federal do Oeste da Bahia,BA,UF,Geral,2026-07-24T10:21:43.796519+00:00
Mostra de Cursos e Profissões 2026 acontecerá nos dias 27 e 28 de agosto,2026-07-23,https://ufob.edu.br/a-ufob/estrutura/pro-reitorias/prograd/informes/mostra-de-cursos-e-profissoes-2026-acontecera-nos-dias-27-e-28-de-agosto,UFOB,Universidade Federal do Oeste da Bahia,BA,UF,Geral,2026-07-24T10:21:43.796535+00:00
Chamada seleciona propostas de cursos de Licenciatura para Programa de formação de professores da Educação Básica (Parfor),2026-07-23,https://ufob.edu.br/a-ufob/estrutura/pro-reitorias/prograd/informes/chamada-seleciona-propostas-de-cursos-de-licenciatura-para-programa-de-formacao-de-professores-da-educacao-basica-parfor,UFOB,Universidade Federal do Oeste da Bahia,BA,UF,Geral,2026-07-24T10:21:43.796552+00:00
Chamada seleciona propostas de cursos de Licenciatura para formação de professores (Parfor),2026-07-23,https://ufob.edu.br/noticias/chamada-seleciona-propostas-de-cursos-de-licenciatura-para-programa-de-formacao-de-professores-da-educacao-basica-parfor,UFOB,Universidade Federal do Oeste da Bahia,BA,UF,Geral,2026-07-24T10:21:43.796570+00:00
Mostra de Cursos e Profissões 2026: inscrições das escolas é prorrogada até dia 30 de julho,2026-07-23,https://ufob.edu.br/noticias/mostra-de-cursos-e-profissoes-2026-inscricoes-das-escolas-e-prorrogada-ate-dia-30-de-julho,UFOB,Universidade Federal do Oeste da Bahia,BA,UF,Geral,2026-07-24T10:21:43.796585+00:00
Projeto Rota das Culturas leva você pra assistir ao Grupo Teatral Afrisamé,2026-07-23,https://unilab.edu.br/2026/07/23/projeto-rota-das-culturas-leva-voce-pra-assistir-ao-grupo-teatral-afrisame/,UNILAB,Universidade da Integração Internacional da Lusofonia Afro-Brasileira,CE,UF,Aluno,2026-07-24T10:21:44.796045+00:00
Prointer divulga lista de inscritos no Banco de Talentos em Idiomas,2026-07-23,https://unilab.edu.br/2026/07/23/prointer-divulga-lista-de-inscritos-no-banco-de-talentos-em-idiomas/,UNILAB,Universidade da Integração Internacional da Lusofonia Afro-Brasileira,CE,UF,Notícias,2026-07-24T10:21:44.796069+00:00
Exposição celebra trajetória do antropólogo Carlos Rodrigues Brandão,2026-07-23,https://www.unicamp.br/noticias/2026/07/23/exposicao-celebra-trajetoria-do-antropologo-carlos-rodrigues-brandao/,UNICAMP,Universidade Estadual de Campinas,SP,UE,Atualidades,2026-07-24T10:21:45.274477+00:00
Ministra Cármen Lúcia participa de aula magna da FCA sobre enfrentamento ao feminicídio,2026-07-23,https://www.unicamp.br/noticias/2026/07/23/ministra-carmen-lucia-participa-de-aula-magna-da-fca-sobre-enfrentamento-ao-feminicidio/,UNICAMP,Universidade Estadual de Campinas,SP,UE,Atualidades,2026-07-24T10:21:45.274502+00:00
Cerimônias de Outorga de Grau – Caminhos do Sertão,2026-07-23,https://www.uemasul.edu.br/cerimonias-de-outorga-de-grau-caminhos-do-sertao/,UEMASUL,Universidade Estadual da Região Tocantina do Maranhão,MA,UE,Eventos,2026-07-24T10:21:45.558708+00:00
Agosto Lilás: “Da denúncia à proteção: como funciona na prática?”,2026-07-23,https://www.uemasul.edu.br/agosto-lilas-da-denuncia-a-protecao-como-funciona-na-pratica/,UEMASUL,Universidade Estadual da Região Tocantina do Maranhão,MA,UE,Eventos,2026-07-24T10:21:45.558731+00:00
I Jornada Jurídica da UEMASUL,2026-07-23,https://www.uemasul.edu.br/i-jornada-juridica-campus-estreito/,UEMASUL,Universidade Estadual da Região Tocantina do Maranhão,MA,UE,Campus Estreito,2026-07-24T10:21:45.558748+00:00
Resultado parcial - Edital DCOM nº 001/2026 - Seleção de bolsista e voluntários(as) para atuação na comunicação institucional,2026-07-23,http://ufape.edu.br/node/8512,UFAPE,Universidade Federal do Agreste de Pernambuco,PE,UF,Geral,2026-07-24T10:21:46.217755+00:00
Andifes elege nova diretoria e UFDPar passa a integrar a coordenação da Rede Nordeste de Reitores,2026-07-23,https://ufdpar.edu.br/UFDPar/noticias-1/andifes-elege-nova-diretoria-e-ufdpar-passa-a-integrar-a-coordenacao-da-rede-nordeste-de-reitores,UFDPar,Universidade Federal do Delta do Parnaíba,PI,UF,Geral,2026-07-24T10:21:46.445713+00:00
UFDPar destaca participação de docentes em lançamento de obra sobre formação de professores,2026-07-23,https://ufdpar.edu.br/UFDPar/ufdpar-destaca-participacao-de-docentes-em-lancamento-de-obra-sobre-formacao-de-professores,UFDPar,Universidade Federal do Delta do Parnaíba,PI,UF,Geral,2026-07-24T10:21:46.445736+00:00
UFDPar abre período da Avaliação Institucional para avaliação docente referente ao semestre 2026.1,2026-07-23,https://ufdpar.edu.br/UFDPar/ufdpar-abre-periodo-da-avaliacao-institucional-para-avaliacao-docente-referente-ao-semestre-2026-1.1,UFDPar,Universidade Federal do Delta do Parnaíba,PI,UF,Geral,2026-07-24T10:21:46.445753+00:00
PRAE realiza reunião de planejamento do próximo Edital CADUNI 2026,2026-07-23,https://ufdpar.edu.br/UFDPar/prae-realiza-reuniao-de-planejamento-do-proximo-edital-caduni-2026,UFDPar,Universidade Federal do Delta do Parnaíba,PI,UF,Geral,2026-07-24T10:21:46.445767+00:00
Pós-Graduação em Desenvolvimento e Inovação Tecnológica em Medicamentos oferta 50 vagas para Doutorado,2026-07-23,https://www.ufpb.br/oportunidades/pos-graduacao-em-desenvolvimento-e-inovacao-tecnologica-em-medicamentos-oferta-50-vagas-para-doutorado/,UFPB,Universidade Federal da Paraíba,PB,UF,Oportunidades,2026-07-24T10:21:47.809129+00:00
"Centro de História, Memória e Documentação (CHMD) do IFPE Recife acompanha andamento da restauração de 15 livros antigos de registro",2026-07-24,https://portal.ifpe.edu.br/noticias/centro-de-historia-memoria-e-documentacao-chmd-do-ifpe-recife-acompanha-andamento-da-restauracao-de-15-livros-antigos-de-registro/,IFPE,Instituto Federal de Pernambuco,PE,IF,Notícias,2026-07-25T09:51:14.398866+00:00
Aberto prazo de inscrição para a VIII Edição dos Jogos dos Servidores,2026-07-24,https://portal.ifpe.edu.br/noticias/aberto-prazo-de-inscricao-para-a-viii-edicao-dos-jogos-dos-servidores/,IFPE,Instituto Federal de Pernambuco,PE,IF,Notícias,2026-07-25T09:51:14.398912+00:00
IFPE lança programa permanente de preparação para aposentadoria,2026-07-24,https://portal.ifpe.edu.br/noticias/ifpe-lanca-programa-permanente-de-preparacao-para-aposentadoria/,IFPE,Instituto Federal de Pernambuco,PE,IF,Notícias,2026-07-25T09:51:14.398956+00:00
Cerimônia de abertura dos Jogos Intercampi 2026 acontece nesta segunda (27),2026-07-24,https://portal.ifpe.edu.br/noticias/cerimonia-de-abertura-dos-jogos-intercampi-2026-acontece-nesta-segunda-27/,IFPE,Instituto Federal de Pernambuco,PE,IF,Notícias,2026-07-25T09:51:14.398980+00:00
IFSP sedia X Encontro Nacional de Professores de Arte dos Institutos Federais,2026-07-25,https://www.ifsp.edu.br/index.php/ultimas-noticias/6006-ifsp-sedia-x-encontro-nacional-de-professores-de-arte-dos-institutos-federais,IFSP,Instituto Federal de São Paulo,SP,IF,Últimas notícias,2026-07-25T09:51:14.508220+00:00
IV Seminário Nacional de Educação Agrícola e do Campo acontece em agosto,2026-07-24,https://www.ifsp.edu.br/index.php/ultimas-noticias/6005-iv-seminario-nacional-de-educacao-agricola-e-do-campo-acontece-em-agosto,IFSP,Instituto Federal de São Paulo,SP,IF,Últimas notícias,2026-07-25T09:51:14.508251+00:00
A escola que ajudou a moldar o campo brasileiro chega aos 125 anos,2026-07-25,https://jornal.usp.br/universidade/a-escola-que-ajudou-a-moldar-o-campo-brasileiro-chega-aos-125-anos/,USP,Universidade de São Paulo,SP,UE,Universidade,2026-07-25T09:51:14.619778+00:00
"Marisa Midori resgata “Mendel, o Livreiro”",2026-07-24,https://jornal.usp.br/radio-usp/marisa-midori-resgata-mendel-o-livreiro/,USP,Universidade de São Paulo,SP,UE,Colunistas,2026-07-25T09:51:14.619809+00:00
"A ciência pela história, episódio 27 – Um prêmio Nobel para o Brasil?",2026-07-24,https://jornal.usp.br/articulistas/gildo-magalhaes/a-ciencia-pela-historia-episodio-27-um-premio-nobel-para-o-brasil/,USP,Universidade de São Paulo,SP,UE,Gildo Magalhães,2026-07-25T09:51:14.619833+00:00
Falta de investimento na ciência e impactos ambientais aumentam o risco de novas pandemias,2026-07-24,https://jornal.usp.br/radio-usp/falta-de-investimento-na-ciencia-e-impactos-ambientais-aumentam-o-risco-de-novas-pandemias/,USP,Universidade de São Paulo,SP,UE,Jornal da USP no Ar,2026-07-25T09:51:14.619853+00:00
Legisladores TikTokers e as novas dinâmicas de fiscalização e visibilidade na era das plataformas,2026-07-24,https://jornal.usp.br/artigos/legisladores-tiktokers-e-as-novas-dinamicas-de-fiscalizacao-e-visibilidade-na-era-das-plataformas/,USP,Universidade de São Paulo,SP,UE,Artigos,2026-07-25T09:51:14.619871+00:00
O livro está na lista do vestibular. Tente encontrá-lo se você for cego,2026-07-24,https://jornal.usp.br/artigos/o-livro-esta-na-lista-do-vestibular-tente-encontra-lo-se-voce-for-cego/,USP,Universidade de São Paulo,SP,UE,Artigos,2026-07-25T09:51:14.619888+00:00
Férias sem excesso de telas: desafio exige limites e alternativas para as crianças,2026-07-24,https://jornal.usp.br/radio-usp/ferias-sem-excesso-de-telas-desafio-exige-limites-e-alternativas-para-as-criancas/,USP,Universidade de São Paulo,SP,UE,Jornal da USP no Ar,2026-07-25T09:51:14.619906+00:00
"Livro da Editora da USP revive “Moema”, de Victor Meirelles",2026-07-24,https://jornal.usp.br/cultura/livro-da-editora-da-usp-revive-moema-de-victor-meirelles/,USP,Universidade de São Paulo,SP,UE,Crítica cultural,2026-07-25T09:51:14.619924+00:00
Pesquisa mostra que desigualdade social amplia barreiras à prática de atividade física,2026-07-24,https://jornal.usp.br/diversidade/pesquisa-mostra-que-desigualdade-social-amplia-barreiras-a-pratica-de-atividade-fisica/,USP,Universidade de São Paulo,SP,UE,Diversidade,2026-07-25T09:51:14.619955+00:00
“Série Energia”: Maior consumidor de energia no chão de fábrica é o motor elétrico,2026-07-24,https://jornal.usp.br/noticias/serie-energia-maior-consumidor-de-energia-no-chao-de-fabrica-e-o-motor-eletrico/,USP,Universidade de São Paulo,SP,UE,Notícias,2026-07-25T09:51:14.619977+00:00
Museu do Ipiranga participa da Jornada do Patrimônio com oficina de desenho inspirada em seu jardim,2026-07-24,https://jornal.usp.br/universidade/museu-do-ipiranga-participa-da-jornada-do-patrimonio-com-oficina-de-desenho-inspirada-em-seu-jardim/,USP,Universidade de São Paulo,SP,UE,Eventos,2026-07-25T09:51:14.619995+00:00
A morfologia cerebral do TOC: estudo inédito aponta mecanismos ligados à origem da doença,2026-07-24,https://jornal.usp.br/ciencias/a-morfologia-cerebral-do-toc-estudo-inedito-aponta-mecanismos-ligados-a-origem-da-doenca/,USP,Universidade de São Paulo,SP,UE,Ciências,2026-07-25T09:51:14.620030+00:00
"Campanha educativa, mediação e permanência são prioridades da Pró-Reitoria de Inclusão e Pertencimento",2026-07-24,https://jornal.usp.br/comunicados/campanha-educativa-mediacao-e-permanencia-sao-prioridades-da-pro-reitoria-de-inclusao-e-pertencimento/,USP,Universidade de São Paulo,SP,UE,Comunicados,2026-07-25T09:51:14.620048+00:00
From Mars to Minas: research reclassifies organisms that thrive in highly saline environments,2026-07-24,https://jornal.usp.br/uspnews/from-mars-to-minas-research-reclassifies-organisms-that-thrive-in-highly-saline-environments/,USP,Universidade de São Paulo,SP,UE,USP News,2026-07-25T09:51:14.620065+00:00
"Plataformização da agricultura amplia produtividade, mas aumenta dependência tecnológica no campo",2026-07-24,https://jornal.usp.br/radio-usp/plataformizacao-da-agricultura-amplia-produtividade-mas-aumenta-dependencia-tecnologica-no-campo/,USP,Universidade de São Paulo,SP,UE,Colunistas,2026-07-25T09:51:14.620082+00:00
Teste rápido de baixo custo identifica “superbactérias” em intestino e otimiza isolamento na UTI,2026-07-24,https://jornal.usp.br/ciencias/teste-rapido-de-baixo-custo-identifica-superbacterias-em-intestino-e-otimiza-isolamento-na-uti/,USP,Universidade de São Paulo,SP,UE,Ciências,2026-07-25T09:51:14.620100+00:00
Fuvest aplica segundo simulado do ano neste domingo em 12 cidades,2026-07-24,https://jornal.usp.br/universidade/fuvest-aplica-segundo-simulado-do-ano-neste-domingo-em-12-cidades/,USP,Universidade de São Paulo,SP,UE,Universidade,2026-07-25T09:51:14.620116+00:00
Chips da beleza oferecem riscos à saúde e não têm respaldo científico,2026-07-24,https://jornal.usp.br/atualidades/chips-da-beleza-oferecem-riscos-a-saude-e-nao-tem-respaldo-cientifico/,USP,Universidade de São Paulo,SP,UE,Atualidades,2026-07-25T09:51:14.620132+00:00
CEPEX 2026 anuncia abertura de inscrições e submissões de trabalhos,2026-07-23,https://ifbaiano.edu.br/portal/blog/cepex-2026-anuncia-abertura-de-inscricoes-e-submissoes-de-trabalhos/,IF Baiano,Instituto Federal Baiano,BA,IF,Destaque,2026-07-25T09:51:15.071310+00:00
Quadro de Vagas 19 - Edital 002/2026,2026-07-24,https://www.ifmg.edu.br/portal/progep/quadro-de-vagas-19-edital-002-2026,IFMG,Instituto Federal de Minas Gerais,MG,IF,Geral,2026-07-25T09:51:15.103366+00:00
Documentos e materiais educativos,2026-07-24,https://www.ifmg.edu.br/portal/ouvidoria/documentos-e-materiais,IFMG,Instituto Federal de Minas Gerais,MG,IF,Geral,2026-07-25T09:51:15.103405+00:00
IFF Maricá dá início à operação de seu Restaurante Estudantil,2026-07-24,https://portal1.iff.edu.br/nossos-campi/marica/noticias/iff-marica-da-inicio-a-operacao-de-seu-restaurante-estudantil,IFF,Instituto Federal Fluminense,RJ,IF,Geral,2026-07-25T09:51:15.582878+00:00
IFF se prepara para etapa regional do JIF 2026,2026-07-23,https://portal1.iff.edu.br/nossos-campi/campos-centro/noticias/iff-se-prepara-para-a-disputa-da-etapa-regional-dos-jogos-dos-institutos-federais,IFF,Instituto Federal Fluminense,RJ,IF,Geral,2026-07-25T09:51:15.582910+00:00
RSC-TAE Página de Acompanhamento,2026-07-23,https://portal1.iff.edu.br/banners-outros/banners-2026/rsc-tae-pagina-de-acompanhamento,IFF,Instituto Federal Fluminense,RJ,IF,Geral,2026-07-25T09:51:15.582929+00:00
DPE vai realizar reunião de orientação a estudantes sobre bolsas em projetos,2026-07-23,https://portal1.iff.edu.br/nossos-campi/bom-jesus-do-itabapoana/noticias/dpe-vai-realizar-reuniao-de-orientacao-a-estudantes-sobre-bolsas-em-projetos,IFF,Instituto Federal Fluminense,RJ,IF,Geral,2026-07-25T09:51:15.582964+00:00
Novas listas de espera: divulgadas a 2ª Chamada do SiSU+ e a 9ª Chamada do SiSU 2026,2026-07-24,https://uepb.edu.br/novas-listas-de-espera-divulgadas-a-2a-chamada-do-sisu-e-a-9a-chamada-do-sisu-2026/,UEPB,Universidade Estadual da Paraíba,PB,UE,Notícias,2026-07-25T09:51:15.839351+00:00
PROGRAD inscreve para Colação de Grau regular do período 2026.1 dos cursos do Programa Limite do Visível,2026-07-24,https://uepb.edu.br/prograd-inscreve-para-colacao-de-grau-regular-do-periodo-2026-1-dos-cursos-do-programa-limite-do-visivel/,UEPB,Universidade Estadual da Paraíba,PB,UE,CCBSA,2026-07-25T09:51:15.839381+00:00
UPE encerra 6º ciclo do Programa Agentes Digitais com apresentação de soluções inovadoras para a gestão pública,2026-07-24,https://upe.br/upe-encerra-6o-ciclo-do-programa-agentes-digitais-com-apresentacao-de-solucoes-inovadoras-para-a-gestao-publica/,UPE,Universidade de Pernambuco,PE,UE,Sem categoria,2026-07-25T09:51:15.848200+00:00
Escola de Aplicação da UPE conquista melhor desempenho entre as escolas estaduais do Brasil no Enem,2026-07-23,https://upe.br/escola-de-aplicacao-da-upe-conquista-melhor-desempenho-entre-as-escolas-estaduais-do-brasil-no-enem/,UPE,Universidade de Pernambuco,PE,UE,Sem categoria,2026-07-25T09:51:15.848231+00:00
UPE promove palestra sobre Lei de Acesso à Informação,2026-07-23,https://upe.br/upe-promove-palestra-sobre-lei-de-acesso-a-informacao/,UPE,Universidade de Pernambuco,PE,UE,Sem categoria,2026-07-25T09:51:15.848251+00:00
Ifac abre inscrições para seleção de trabalhos para o XI Congresso de Ciência e Tecnologia (CONC&T),2026-07-23,https://www.ifac.edu.br/noticias/2026/julho/ifac-abre-inscricoes-para-selecao-de-trabalhos-para-o-xi-conc-t,IFAC,Instituto Federal do Acre,AC,IF,Geral,2026-07-25T09:51:15.934574+00:00
Modelo de negócio para tratamento de câncer de pele garante vitória no Desafio Unicamp 2026,2026-07-24,https://www.unicamp.br/noticias/2026/07/24/modelo-de-negocio-para-tratamento-de-cancer-de-pele-garante-vitoria-no-desafio-unicamp-2026/,UNICAMP,Universidade Estadual de Campinas,SP,UE,Atualidades,2026-07-25T09:51:16.177886+00:00
Cresce número de unidades com concurso exclusivo para professores negros na Unicamp,2026-07-24,https://www.unicamp.br/noticias/2026/07/24/cresce-numero-de-unidades-com-concurso-exclusivo-para-professores-negros-na-unicamp/,UNICAMP,Universidade Estadual de Campinas,SP,UE,Atualidades,2026-07-25T09:51:16.177917+00:00
Conpuesp abre inscrições para projetos de servidores,2026-07-24,https://www.unicamp.br/noticias/2026/07/24/conpuesp-abre-inscricoes-para-projetos-de-servidores/,UNICAMP,Universidade Estadual de Campinas,SP,UE,Atualidades,2026-07-25T09:51:16.177949+00:00
Novo prédio do Cotuca ganha estrutura mais moderna,2026-07-24,https://www.unicamp.br/noticias/2026/07/24/novo-predio-do-cotuca-ganha-estrutura-mais-moderna/,UNICAMP,Universidade Estadual de Campinas,SP,UE,Atualidades,2026-07-25T09:51:16.177971+00:00
7ª chamada de matrícula SISU,2026-07-24,https://ufob.edu.br/sisu/informes-sisu2026/copy2_of_5a-chamada-de-matricula-no-sisu-e-no-edital-de-acoes-afirmativas-e-publicada,UFOB,Universidade Federal do Oeste da Bahia,BA,UF,Geral,2026-07-25T09:51:16.246920+00:00
Edital nº 12/2026 - PROPGP/UFOB,2026-07-24,https://ufob.edu.br/a-ufob/editais/pos-graduacao-e-pesquisa/auxilio-a-publicacao-de-artigos-cientificos/edital-no-12-2026/edital-no-12-2026-propgp-ufob,UFOB,Universidade Federal do Oeste da Bahia,BA,UF,Geral,2026-07-25T09:51:16.246973+00:00
UFOB divulga resultado final do edital do Programa Universidade da Maturidade 2026,2026-07-24,https://ufob.edu.br/a-ufob/estrutura/pro-reitorias/proec/informes/ufob-divulga-resultado-final-do-edital-do-programa-universidade-da-maturidade-2026,UFOB,Universidade Federal do Oeste da Bahia,BA,UF,Geral,2026-07-25T09:51:16.246995+00:00
UFOB lança edital do Programa Institucional de Bolsas de Iniciação à Extensão (Pibiex) 2026-2027,2026-07-24,https://ufob.edu.br/noticias/ufob-lanca-edital-do-programa-institucional-de-bolsas-de-iniciacao-a-extensao-pibiex-2026-2027,UFOB,Universidade Federal do Oeste da Bahia,BA,UF,Geral,2026-07-25T09:51:16.247015+00:00
"Programa Institucional Extensão, Cultura e Arte divulga primeira edição de projetos selecionados",2026-07-24,https://ufob.edu.br/a-ufob/estrutura/pro-reitorias/proec/informes/programa-institucional-extensao-cultura-e-arte-divulga-primeira-edicao-de-projetos-selecionados,UFOB,Universidade Federal do Oeste da Bahia,BA,UF,Geral,2026-07-25T09:51:16.247034+00:00
UFOB lança edital do Programa Institucional de Bolsas de Iniciação à Extensão (Pibiex) 2026-2027,2026-07-24,https://ufob.edu.br/a-ufob/estrutura/pro-reitorias/proec/informes/ufob-lanca-edital-do-programa-institucional-de-bolsas-de-iniciacao-a-extensao-pibiex-2026-2027,UFOB,Universidade Federal do Oeste da Bahia,BA,UF,Geral,2026-07-25T09:51:16.247052+00:00
Auxílio Concessão: novo edital é publicado,2026-07-24,https://ufob.edu.br/noticias/auxilio-concessao-novo-edital-e-publicado,UFOB,Universidade Federal do Oeste da Bahia,BA,UF,Geral,2026-07-25T09:51:16.247070+00:00
Processo seletivo para Estudante Especial dos cursos de graduação está aberto,2026-07-24,https://ufob.edu.br/noticias/processo-seletivo-para-estudante-especial-esta-aberto,UFOB,Universidade Federal do Oeste da Bahia,BA,UF,Geral,2026-07-25T09:51:16.247087+00:00
2ª Lista de prováveis formandos para Colação de Grau 2026.1,2026-07-24,https://uerr.edu.br/2a-lista-de-provaveis-formandos-para-colacao-de-grau-2026-1/,UERR,Universidade Estadual de Roraima,RR,UE,Últimas,2026-07-25T09:51:16.296473+00:00
24/07/2026 // 16h – NELSON COSTA DE FREITAS,2026-07-24,https://uerr.edu.br/24-07-2026-16h-nelson-costa-de-freitas/,UERR,Universidade Estadual de Roraima,RR,UE,PROEG,2026-07-25T09:51:16.296501+00:00
Ifal Campus Viçosa retifica cronograma do edital para concessão de óculos corretivos,2026-07-25,https://www2.ifal.edu.br/campus/vicosa/noticias/ifal-campus-vicosa-retifica-cronograma-do-edital-para-concessao-de-oculos-corretivos,IFAL,Instituto Federal de Alagoas,AL,IF,Geral,2026-07-25T09:51:16.645116+00:00
Edital nº 5/2026 - Setec/MEC: prazo para submissão de projetos de extensão é prorrogado para 18 de setembro,2026-07-24,https://www2.ifal.edu.br/noticias/edital-no-5-2026-setec-mec-prazo-para-submissao-de-projetos-de-extensao-e-prorrogado-para-18-de-setembro,IFAL,Instituto Federal de Alagoas,AL,IF,Geral,2026-07-25T09:51:16.645148+00:00
Ifal irá sediar IV Seminário Nacional de Educação Agrícola e do Campo,2026-07-24,https://www2.ifal.edu.br/campus/marechal/noticias/ifal-ira-sediar-iv-seminario-nacional-de-educacao-agricola-e-do-campo,IFAL,Instituto Federal de Alagoas,AL,IF,Geral,2026-07-25T09:51:16.645169+00:00
Solicitação de capacitação externa para o Conedu 2026 deve ser feita até 5 de agosto,2026-07-24,https://www2.ifal.edu.br/noticias/solicitacao-de-capacitacao-externa-para-o-conedu-2026-deve-ser-feita-ate-5-de-agosto,IFAL,Instituto Federal de Alagoas,AL,IF,Geral,2026-07-25T09:51:16.645186+00:00
Curso de drones começa na próxima quinta-feira (30),2026-07-24,https://www2.ifal.edu.br/campus/maragogi/noticias/curso-de-drones-comeca-na-proxima-quinta-feira-30,IFAL,Instituto Federal de Alagoas,AL,IF,Geral,2026-07-25T09:51:16.645202+00:00
Projetos do Campus foram contemplados em editais de pesquisa,2026-07-24,https://www2.ifal.edu.br/campus/maragogi/noticias/projetos-do-campus-foram-contemplados-em-editais-de-pesquisa,IFAL,Instituto Federal de Alagoas,AL,IF,Geral,2026-07-25T09:51:16.645220+00:00
Ifal Penedo oferta 5 vagas de professor formador para curso de operação de biodigestores,2026-07-24,https://www2.ifal.edu.br/campus/penedo/noticias/ifal-penedo-oferta-5-vagas-de-professor-formador-para-curso-de-operacao-de-biodigestores,IFAL,Instituto Federal de Alagoas,AL,IF,Geral,2026-07-25T09:51:16.645238+00:00
Ifal Maceió divulga resultado final das matrículas para cursos de graduação,2026-07-24,https://www2.ifal.edu.br/campus/maceio/noticias/ifal-maceio-divulga-resultado-final-da-matricula-para-cursos-de-graduacao,IFAL,Instituto Federal de Alagoas,AL,IF,Geral,2026-07-25T09:51:16.645254+00:00
Ifal Maceió divulga resultado final das matrículas para cursos subsequentes,2026-07-24,https://www2.ifal.edu.br/campus/maceio/noticias/ifal-maceio-divulga-resultado-final-das-matriculas-para-cursos-subsequentes,IFAL,Instituto Federal de Alagoas,AL,IF,Geral,2026-07-25T09:51:16.645269+00:00
PRPPI divulga resultado final de edital para concessão de auxílio financeiro à pesquisa e inovação,2026-07-23,https://www2.ifal.edu.br/noticias/prppi-divulga-resultado-final-de-edital-para-concessao-de-auxilio-financeiro-a-pesquisa-e-inovacao,IFAL,Instituto Federal de Alagoas,AL,IF,Geral,2026-07-25T09:51:16.645286+00:00
Ifal conquista prêmios no 46° Congresso da Sociedade Brasileira de Computação,2026-07-23,https://www2.ifal.edu.br/noticias/ifal-conquista-premios-no-46deg-congresso-da-sociedade-brasileira-de-computacao,IFAL,Instituto Federal de Alagoas,AL,IF,Geral,2026-07-25T09:51:16.645301+00:00
Concurso para escolha da mascote oficial dos JIFs está com inscrições abertas até 27 de julho,2026-07-23,https://www2.ifal.edu.br/noticias/concurso-para-escolha-da-mascote-oficial-dos-jifs-esta-com-inscricoes-abertas-ate-27-de-julho,IFAL,Instituto Federal de Alagoas,AL,IF,Geral,2026-07-25T09:51:16.645318+00:00
Coro Jovem do Ifal abre inscrições para novos integrantes,2026-07-23,https://www2.ifal.edu.br/campus/maceio/noticias/coro-jovem-do-ifal-abre-inscricoes-para-novos-integrantes,IFAL,Instituto Federal de Alagoas,AL,IF,Geral,2026-07-25T09:51:16.645333+00:00
Ifal Maceió retifica Resultado Preliminar do Processo Seletivo 2026.2,2026-07-23,https://www2.ifal.edu.br/campus/maceio/noticias/ifal-maceio-retifica-resultado-preliminar-do-processo-seletivo-2026-3.2,IFAL,Instituto Federal de Alagoas,AL,IF,Geral,2026-07-25T09:51:16.645352+00:00
Ifal seleciona profissionais para atuarem de professores formadores em seis cidades,2026-07-23,https://www2.ifal.edu.br/noticias/ifal-seleciona-profissionais-para-atuarem-de-professores-formadores-em-seis-cidades,IFAL,Instituto Federal de Alagoas,AL,IF,Geral,2026-07-25T09:51:16.645367+00:00
Interarte 2026 abre inscrições para os artistas do Campus Maragogi,2026-07-23,https://www2.ifal.edu.br/campus/maragogi/noticias/interarte-2026-abre-inscricoes-para-os-artistas-do-campus-maragogi-1,IFAL,Instituto Federal de Alagoas,AL,IF,Geral,2026-07-25T09:51:16.645383+00:00
Egresso da UFRB vence prêmio de comunicação com trabalho sobre o São João de Berimbau,2026-07-24,https://ufrb.edu.br/portal/destaque-secundario/egresso-da-ufrb-vence-premio-de-comunicacao-com-trabalho-sobre-o-sao-joao-de-berimbau/,UFRB,Universidade Federal do Recôncavo da Bahia,BA,UF,Destaque Secundário,2026-07-25T09:51:16.985258+00:00
Jornada Itinerante de Extensão e Cultura da Ufes leva projetos científicos e comunitários a Jaguaré,2026-07-24,https://ufes.br/conteudo/jornada-itinerante-de-extensao-e-cultura-da-ufes-leva-projetos-cientificos-e-comunitarios,UFES,Universidade Federal do Espírito Santo,ES,UF,Geral,2026-07-25T09:51:17.159587+00:00
Projeto de pesquisa do Departamento de Artes Visuais lança livro no Museu de Arte do Espírito Santo,2026-07-24,https://ufes.br/conteudo/projeto-de-pesquisa-do-departamento-de-artes-visuais-lanca-livro-no-museu-de-arte-do,UFES,Universidade Federal do Espírito Santo,ES,UF,Geral,2026-07-25T09:51:17.159620+00:00
Unidades acadêmicas e administrativas da Ufes funcionarão em horário especial no período de 27 de julho a 9 de agosto,2026-07-24,https://ufes.br/conteudo/unidades-academicas-e-administrativas-da-ufes-funcionarao-em-horario-especial-no-periodo-1,UFES,Universidade Federal do Espírito Santo,ES,UF,Geral,2026-07-25T09:51:17.159645+00:00
Ficção científica sobre vício em inteligência artificial estreia no Cine Metrópolis,2026-07-23,https://ufes.br/conteudo/ficcao-cientifica-sobre-vicio-em-inteligencia-artificial-estreia-no-cine-metropolis,UFES,Universidade Federal do Espírito Santo,ES,UF,Geral,2026-07-25T09:51:17.159665+00:00
Comitê da OMS para avaliar pedidos de eliminação da esquistossomose conta com pesquisador da Ufes,2026-07-23,https://ufes.br/conteudo/comite-da-oms-para-avaliar-pedidos-de-eliminacao-da-esquistossomose-conta-com-pesquisador,UFES,Universidade Federal do Espírito Santo,ES,UF,Geral,2026-07-25T09:51:17.159684+00:00
III Fórum de Extensão da Unilab está com inscrições abertas,2026-07-24,https://unilab.edu.br/2026/07/24/iii-forum-de-extensao-da-unilab-esta-com-inscricoes-abertas/,UNILAB,Universidade da Integração Internacional da Lusofonia Afro-Brasileira,CE,UF,Notícias,2026-07-25T09:51:17.284351+00:00
"Unidade de Auditoria Interna Governamental realiza pesquisa sobre mecanismos de participação na elaboração, revisão e avaliação dos editais e das políticas de ações afirmativas",2026-07-24,https://unilab.edu.br/2026/07/24/unidade-de-auditoria-interna-governamental-realiza-pesquisa-sobre-mecanismos-de-participacao-na-elaboracao-revisao-e-avaliacao-dos-editais-e-das-politicas-de-acoes-afirmativas/,UNILAB,Universidade da Integração Internacional da Lusofonia Afro-Brasileira,CE,UF,Auditoria Interna,2026-07-25T09:51:17.284392+00:00
INGRESSO SIMPLIFICADO UNIFICADO SUBSEQUENTE 2026.2: Divulgada a 2ª Retificação do Cronograma - Santo Amaro,2026-07-25,https://portal.ifba.edu.br/santo-amaro/noticias-2026/ingresso-simplificado-unificado-subsequente-2026-2-divulgada-a-2-a-retificacao-do-cronograma-santo-amaro,IFBA,Instituto Federal da Bahia,BA,IF,Geral,2026-07-25T09:51:17.383862+00:00
Defeso eleitoral começa em julho e traz mudanças para a comunicação dos órgãos públicos,2026-07-24,https://portal.ifba.edu.br/santo-amaro/banner/2026/defeso-eleitoral-comeca-em-julho-e-traz-mudancas-para-a-comunicacao-dos-orgaos-publicos,IFBA,Instituto Federal da Bahia,BA,IF,Geral,2026-07-25T09:51:17.383892+00:00
Docentes do IFBA Seabra apresentam pesquisas sobre educação quilombola em evento internacional na Colômbia,2026-07-24,https://portal.ifba.edu.br/seabra/docentes-do-ifba-seabra-apresentam-pesquisas-sobre-educacao-quilombola-em-evento-internacional-na-colombia,IFBA,Instituto Federal da Bahia,BA,IF,Geral,2026-07-25T09:51:17.383912+00:00
"SISU 2026 - Resultado final da 2ª Chamada - Bancas Heteroidentificação, Indígena, Quilombola, Cotas sociais e renda e Biopsicossocial.",2026-07-24,https://portal.ifba.edu.br/lauro-de-freitas/noticias-2/sisu-2026-resultado-final-da-2a-chamada-bancas-heteroidentificacao-indigena-quilombola-cotas-sociais-e-renda-e-biopsicossocial,IFBA,Instituto Federal da Bahia,BA,IF,Geral,2026-07-25T09:51:17.383932+00:00
II Encontro de Bibliotecas do Sudoeste da Bahia será realizado nos dias 13 e 14 de agosto,2026-07-24,https://portal.ifba.edu.br/conquista/ii-encontro-de-bibliotecas-do-sudoeste-da-bahia-sera-realizado-nos-dias-13-e-14-de-agosto,IFBA,Instituto Federal da Bahia,BA,IF,Geral,2026-07-25T09:51:17.383975+00:00
"Mulheres Negras na Ciência: Inovando o Presente, Transformando o Futuro",2026-07-24,https://portal.ifba.edu.br/juazeiro/noticias/2026/julho/mulheres-negras-na-ciencia-inovando-o-presente-transformando-o-futuro,IFBA,Instituto Federal da Bahia,BA,IF,Geral,2026-07-25T09:51:17.383999+00:00
Comunicado - Cancelamento de Reunião de Pais/Mães e Mestres curso técnico integrado,2026-07-24,https://portal.ifba.edu.br/lauro-de-freitas/noticias-2/comunicado-cancelamento-de-reuniao-de-pais-maes-e-mestres-curso-tecnico-integrado,IFBA,Instituto Federal da Bahia,BA,IF,Geral,2026-07-25T09:51:17.384020+00:00
Comunicado: realização de sábado letivo (25/07) para turmas de cursos integrados,2026-07-24,https://portal.ifba.edu.br/valenca/noticias-2/defeso-eleitoral/comunicado-realizacao-de-sabado-letivo-25-07-para-turmas-de-cursos-integrados,IFBA,Instituto Federal da Bahia,BA,IF,Geral,2026-07-25T09:51:17.384038+00:00
Comunicado- Selecionados para o PAAE devem informar dados bancários até 28 de julho,2026-07-24,https://portal.ifba.edu.br/eunapolis/noticias-2/defeso-eleitoral-2026/comunicado-selecionados-para-o-paae-devem-enviar-dados-bancarios-ate-27-de-julho,IFBA,Instituto Federal da Bahia,BA,IF,Geral,2026-07-25T09:51:17.384055+00:00
Empresas Conveniadas por área,2026-07-24,https://portal.ifba.edu.br/eunapolis/paginas-adicionais/pagina-criee/empresas-conveniadas/empresas-conveniadas-por-area,IFBA,Instituto Federal da Bahia,BA,IF,Geral,2026-07-25T09:51:17.384070+00:00
Temporada de cerimônias de colação de grau começa no dia 4 de agosto,2026-07-24,https://www.ufg.br/n/203020-temporada-de-cerimonias-de-colacao-de-grau-comeca-no-dia-4-de-agosto,UFG,Universidade Federal de Goiás,GO,UF,Geral,2026-07-25T09:51:17.429517+00:00
Vagas abertas para Vozes Masculinas - Coral ADUFG,2026-07-24,https://www.ufg.br/n/203011-vagas-abertas-para-vozes-masculinas-coral-adufg,UFG,Universidade Federal de Goiás,GO,UF,Geral,2026-07-25T09:51:17.429545+00:00
Feriado Estadual da Adesão do Maranhão à Independência do Brasil,2026-07-24,https://www.uemasul.edu.br/feriado-estadual-da-adesao-do-maranhao-a-independencia-do-brasil/,UEMASUL,Universidade Estadual da Região Tocantina do Maranhão,MA,UE,Comunicados,2026-07-25T09:51:17.454243+00:00
Seminário discute temáticas sociais amazônicas comuns entre Brasil e Colômbia,2026-07-24,https://www.unifap.br/seminario-discute-tematicas-sociais-amazonicas-comuns-entre-brasil-e-colombia/,UNIFAP,Universidade Federal do Amapá,AP,UF,Destaque,2026-07-25T09:51:17.490541+00:00
UFVJM regulamenta Reconhecimento de Saberes e Competências para servidores técnico-administrativos,2026-07-24,https://portal.ufvjm.edu.br/noticias/2026-periodo-eleitoral/ufvjm-regulamenta-reconhecimento-de-saberes-e-competencias-para-servidores-tecnico-administrativos,UFVJM,Universidade Federal dos Vales do Jequitinhonha e Mucuri,MG,UF,Diamantina,2026-07-25T09:51:17.565248+00:00
UFPA amplia protagonismo nacional com eleição do reitor para a vice-presidência da Andifes,2026-07-24,https://ufpa.br/ufpa-amplia-protagonismo-nacional-com-eleicao-do-reitor-para-a-vice-presidencia-da-andifes/,UFPA,Universidade Federal do Pará,PA,UF,Institucional,2026-07-25T09:51:17.585732+00:00
NAEA abre inscrições para o VI Seminário Internacional América Latina e Caribe,2026-07-24,https://ufpa.br/naea-abre-inscricoes-para-o-vi-seminario-internacional-america-latina-e-caribe/,UFPA,Universidade Federal do Pará,PA,UF,Notícias,2026-07-25T09:51:17.585760+00:00
Belém sediará o simpósio científico do ICOMOS Brasil,2026-07-24,https://ufpa.br/belem-sediara-o-simposio-cientifico-do-icomos-brasil/,UFPA,Universidade Federal do Pará,PA,UF,Notícias,2026-07-25T09:51:17.585779+00:00
UFPA integra rede internacional de pesquisa sobre transição energética centrada no bem-estar humano,2026-07-23,https://ufpa.br/ufpa-integra-rede-internacional-de-pesquisa-sobre-transicao-energetica-centrada-no-bem-estar-humano/,UFPA,Universidade Federal do Pará,PA,UF,Internacionalização,2026-07-25T09:51:17.585798+00:00
Comissão Fulbright Brasil oferece 50 bolsas de doutorado-sanduíche para universidades dos Estados Unidos,2026-07-23,https://ufpa.br/comissao-fulbright-brasil-oferece-50-bolsas-de-doutorado-sanduiche-para-universidades-dos-estados-unidos/,UFPA,Universidade Federal do Pará,PA,UF,Oportunidades,2026-07-25T09:51:17.585816+00:00
Proposta do PDI 2026-2035 entra em etapa de análise pelos conselheiros da UFPA,2026-07-23,https://ufpa.br/proposta-do-pdi-2026-2035-entra-em-etapa-de-analise-pelos-conselheiros-da-ufpa/,UFPA,Universidade Federal do Pará,PA,UF,Notícias,2026-07-25T09:51:17.585833+00:00
Divulgada 6ª chamada de candidatos aprovados no Sisu+. Documentos devem ser enviados entre os dias 24 e 27 de julho,2026-07-24,https://www.ufca.edu.br/noticias/divulgada-6a-chamada-de-candidatos-aprovados-no-sisu-documentos-devem-ser-enviados-entre-os-dias-24-e-27-de-julho/,UFCA,Universidade Federal do Cariri,CE,UF,Seleções,2026-07-25T09:51:17.646761+00:00
"22ª Reunião, em Sessão Extraordinária, do Conselho de Administração (CONSAD) da UFDPar",2026-07-24,https://ufdpar.edu.br/UFDPar/consad-da-ufdpar-realiza-22a-reuniao-extraordinaria-nesta-sexta-feira-24,UFDPar,Universidade Federal do Delta do Parnaíba,PI,UF,Geral,2026-07-25T09:51:17.680175+00:00
Especialização destinada a beneficiários da reforma agrária abre inscrições,2026-07-23,https://portal.unila.edu.br/noticias/unila-abre-inscricao-para-especializacao-destinada-a-beneficiarios-da-reforma-agraria,UNILA,Universidade Federal da Integração Latino-Americana,PR,UF,ensino,2026-07-25T09:51:17.930555+00:00
Comissão de Validação de Pessoas Refugiadas e Visto Humanitário,2026-07-23,https://portal.unila.edu.br/secafe/organizacao-de-bancas/pessoas-com-visto-de-refugiado-e-visto-humanitario,UNILA,Universidade Federal da Integração Latino-Americana,PR,UF,Geral,2026-07-25T09:51:17.930584+00:00
UNILA reforça ações de ciência cidadã com participação no Programa Caça Asteroides,2026-07-23,https://portal.unila.edu.br/noticias/unila-reforca-acoes-de-ciencia-cidada-com-participacao-no-programa-caca-asteroides,UNILA,Universidade Federal da Integração Latino-Americana,PR,UF,Geral,2026-07-25T09:51:17.930605+00:00
Convocação de candidatas(os) ao cargo de professor do magistério superior | Campus de Cacoal e Porto Velho,2026-07-24,https://unir.br/noticia/exibir/12054,UNIR,Universidade Federal de Rondônia,RO,UF,Geral,2026-07-25T09:51:18.352804+00:00
UNIR abre inscrições para Licenciatura em Educação Básica Intercultural,2026-07-24,https://unir.br/noticia/exibir/12053,UNIR,Universidade Federal de Rondônia,RO,UF,Geral,2026-07-25T09:51:18.352834+00:00
Suspensão de atividades para dedetização no Campus de Porto Velho (30 e 31/07) e UNIR Centro (31/07),2026-07-24,https://unir.br/noticia/exibir/12052,UNIR,Universidade Federal de Rondônia,RO,UF,Geral,2026-07-25T09:51:18.352854+00:00
Especialista do HDT-UFNT orienta sobre prevenção de afogamentos em rios e praias do Tocantins,2026-07-24,https://ufnt.edu.br/2026/07/24/especialista-do-hdt-ufnt-orienta-sobre-prevencao-de-afogamentos-em-rios-e-praias-do-tocantins/,UFNT,Universidade Federal do Norte do Tocantins,TO,UF,Publicações principais,2026-07-25T09:51:18.945672+00:00
UFSCar divulga resultado da seleção de supervisores do Mais Médicos,2026-07-25,https://www.ufscar.br/noticia?codigo=17108&id=ufscar-divulga-resultado-da-selecao-de-supervisores-do-mais-medicos,UFSCar,Universidade Federal de São Carlos,SP,UF,Geral,2026-07-25T09:51:19.216218+00:00
UFSCar conquista prêmio internacional por pesquisa em Computação,2026-07-25,https://www.ufscar.br/noticia?codigo=17106&id=ufscar-conquista-premio-internacional-por-pesquisa-em-computacao,UFSCar,Universidade Federal de São Carlos,SP,UF,Geral,2026-07-25T09:51:19.216252+00:00
China recebe cinco estudantes da UFSCar em programa de energia verde,2026-07-25,https://www.ufscar.br/noticia?codigo=17107&id=china-recebe-cinco-estudantes-da-ufscar-em-programa-de-energia-verde,UFSCar,Universidade Federal de São Carlos,SP,UF,Geral,2026-07-25T09:51:19.216336+00:00
Ciência e folclore atraem crianças em atividades no Campus Araras,2026-07-25,https://www.ufscar.br/noticia?codigo=17105&id=ciencia-e-folclore-atraem-criancas-em-atividades-no-campus-araras,UFSCar,Universidade Federal de São Carlos,SP,UF,Geral,2026-07-25T09:51:19.216355+00:00
UFRR inicia nesta segunda-feira (27) as inscrições para o Vestibular 2027,2026-07-24,https://ufrr.br/noticias/ufrr-inicia-nesta-segunda-feira-27-as-inscricoes-para-o-vestibular-2027/,UFRR,Universidade Federal de Roraima,RR,UF,Notícias,2026-07-25T09:51:19.269693+00:00
“Da Lama ao Caos” – Inscrições abertas para participação em evento que discute sobre os desafios da segurança pública na Amazônia,2026-07-24,https://ufrr.br/noticias/da-lama-ao-caos-inscricoes-abertas-para-participacao-em-evento-que-discute-sobre-os-desafios-da-seguranca-publica-na-amazonia/,UFRR,Universidade Federal de Roraima,RR,UF,Notícias,2026-07-25T09:51:19.269728+00:00
UFRR de Portas Abertas 2026 ocorre nos dias 5 e 6 de agosto,2026-07-24,https://ufrr.br/noticias/ufrr-de-portas-abertas-2026-ocorre-nos-dias-5-e-6-de-agosto/,UFRR,Universidade Federal de Roraima,RR,UF,Notícias,2026-07-25T09:51:19.269749+00:00
Patente da UFPB será utilizada em habitações populares da Paraíba para tratamento sustentável de esgoto,2026-07-24,https://www.ufpb.br/noticias/patente-da-ufpb-sera-utilizada-em-habitacoes-populares-da-paraiba-para-tratamento-sustentavel-de-esgoto/,UFPB,Universidade Federal da Paraíba,PB,UF,Notícias,2026-07-25T09:51:19.483309+00:00
Corregedoria da UFPB lança edital para participação em comissões de apuração,2026-07-24,https://www.ufpb.br/noticias/corregedoria-da-ufpb-lanca-edital-para-participacao-em-comissoes-de-apuracao/,UFPB,Universidade Federal da Paraíba,PB,UF,Notícias,2026-07-25T09:51:19.483338+00:00
Seleção oferece 17 vagas para Doutorado Profissional em Gerontologia da UFPB,2026-07-24,https://www.ufpb.br/oportunidades/selecao-oferece-17-vagas-para-doutorado-profissional-em-gerontologia-da-ufpb/,UFPB,Universidade Federal da Paraíba,PB,UF,Oportunidades,2026-07-25T09:51:19.483358+00:00
Nota de pesar – servidor aposentado Francisco Somera,2026-07-23,https://www.ufms.br/nota-de-pesar-servidor-francisco-somera/,UFMS,Universidade Federal de Mato Grosso do Sul,MS,UF,Comunicados Internos,2026-07-25T09:51:19.490260+00:00
1º FIIUFSM Jovem aproxima crianças e adolescentes da formação musical e da vivência universitária,2026-07-24,https://www.ufsm.br/2026/07/24/1-fiiufsm-jovem,UFSM,Universidade Federal de Santa Maria,RS,UF,Destaque,2026-07-25T09:51:19.513463+00:00
Curso de extensão em Língua Vêneta terá início na UFSM em 6 de agosto,2026-07-24,https://www.ufsm.br/2026/07/24/curso-de-extensao-em-lingua-veneta-tera-inicio-na-ufsm-em-6-de-agosto,UFSM,Universidade Federal de Santa Maria,RS,UF,Geral,2026-07-25T09:51:19.513492+00:00
Guardiões do Geoparque: jornada na UFSM aborda educação midiática e patrimonial,2026-07-24,https://www.ufsm.br/2026/07/24/guardioes-do-geoparque-jornada-na-ufsm-aborda-educacao-midiatica-e-patrimonial,UFSM,Universidade Federal de Santa Maria,RS,UF,Destaque,2026-07-25T09:51:19.513513+00:00
Missão de revalidação conclui visitas ao território de Caçapava do Sul,2026-07-23,https://www.ufsm.br/2026/07/23/missao-de-revalidacao-conclui-visitas-ao-territorio-de-cacapava-do-sul,UFSM,Universidade Federal de Santa Maria,RS,UF,Destaque,2026-07-25T09:51:19.513532+00:00
41º FIIUFSM oferece curso de formação continuada em música para professores nesta quinta (23),2026-07-23,https://www.ufsm.br/2026/07/23/41o-fiiufsm-oferece-curso-de-formacao-continuada-em-musica-para-professores-nesta-quinta-23,UFSM,Universidade Federal de Santa Maria,RS,UF,Educação,2026-07-25T09:51:19.513550+00:00
Abertas as inscrições para revalidação de diplomas de migrantes refugiados,2026-07-24,https://ufpr.br/abertas-as-inscricoes-para-revalidacao-de-diplomas-de-migrantes-refugiados/,UFPR,Universidade Federal do Paraná,PR,UF,Carrossel,2026-07-25T09:51:19.576099+00:00
Número de inscritos no vestibular da UFPR registra aumento,2026-07-24,https://ufpr.br/numero-de-inscritos-no-vestibular-da-ufpr-tem-o-maior-aumento-da-decada-e-volta-ao-patamar-pre-pandemia/,UFPR,Universidade Federal do Paraná,PR,UF,Destaque Ensino e Educação,2026-07-25T09:51:19.576127+00:00
Textos de Filosofia do Vestibular mobilizam compreensão e reflexão dos estudantes,2026-07-23,https://ufpr.br/textos-de-filosofia-do-vestibular-mobilizam-compreensao-e-reflexao-dos-estudantes/,UFPR,Universidade Federal do Paraná,PR,UF,E-Midia,2026-07-25T09:51:19.576147+00:00
Secretaria de Educação Superior aprova novos cursos de graduação na UFPR,2026-07-23,https://ufpr.br/secretaria-de-educacao-superior-aprova-novos-cursos-de-graduacao-na-ufpr/,UFPR,Universidade Federal do Paraná,PR,UF,Destaque UFPR,2026-07-25T09:51:19.576165+00:00
Vagas abertas para composição de quadro profissional da especialização EaD em Administração Pública,2026-07-25,https://www.ifmg.edu.br/portal/noticias/inscricoes-abertas-para-composicao-de-quadro-profissional-da-especializacao-ead-em-administracao-publica,IFMG,Instituto Federal de Minas Gerais,MG,IF,Geral,2026-07-26T10:02:50.510206+00:00
EDITAL INTERNO Nº 01/2026 – Seleção Interna de Coordenador(a) de Área para o Programa Institucional de Bolsa de Iniciação à Docência (PIBID) – Subprojeto Educação Especial Inclusiva Município de José de Freitas – Campus Poeta Torquato Neto,2026-07-24,https://uespi.br/edital-interno-no-01-2026-selecao-interna-de-coordenadora-de-area-para-o-programa-institucional-de-bolsa-de-iniciacao-a-docencia-pibid-subprojeto-educacao-especial-inclusiva-mu/,UESPI,Universidade Estadual do Piauí,PI,UE,Editais,2026-07-26T10:02:51.121998+00:00
EDITAL PROP/PREX Nº 013/2026 – Resultado Parcial – 2º Lote de Propostas Submetidas na Unidade SEI FUESPI-PI/GAB/PROP/DP/EDITAL,2026-07-24,https://uespi.br/edital-prop-prex-no-013-2026-resultado-parcial-2o-lote-de-propostas-submetidas-na-unidade-sei-fuespi-pi-gab-prop-dp-edital/,UESPI,Universidade Estadual do Piauí,PI,UE,Editais,2026-07-26T10:02:51.122071+00:00
EDITAL PROP/PREX Nº 012/2026 – Resultado Parcial – 2º Lote de Propostas Submetidas na Unidade SEI FUESPI-PI/GAB/PROP/DP/EDITAL,2026-07-24,https://uespi.br/edital-prop-prex-no-012-2026-resultado-parcial-2o-lote-de-propostas-submetidas-na-unidade-sei-fuespi-pi-gab-prop-dp-edital/,UESPI,Universidade Estadual do Piauí,PI,UE,Editais,2026-07-26T10:02:51.122129+00:00
EDITAL PREX/DAEC/SEE Nº 65/2026 – Resultado Preliminar para Estágio Não Obrigatório – Bacharelado em Jornalismo – Campus Poeta Torquato Neto,2026-07-24,https://uespi.br/edital-prex-daec-see-no-65-2026-resultado-preliminar-para-estagio-nao-obrigatorio-bacharelado-em-jornalismo-campus-poeta-torquato-neto/,UESPI,Universidade Estadual do Piauí,PI,UE,Editais,2026-07-26T10:02:51.122205+00:00
EDITAL PREX/DAEC/SEE Nº 65/2026 –Termo Aditivo 02 – Estágio Não Obrigatório – Bacharelado em Jornalismo – Campus Poeta Torquato Neto,2026-07-24,https://uespi.br/edital-prex-daec-see-no-65-2026-termo-aditivo-02-estagio-nao-obrigatorio-bacharelado-em-jornalismo-campus-poeta-torquato-neto/,UESPI,Universidade Estadual do Piauí,PI,UE,Editais,2026-07-26T10:02:51.122259+00:00
EDITAL PREG/UESPI Nº 014/2026 – Cadastro de Reserva para Coordenadores Administrativos Locais (PRILEI),2026-07-24,https://uespi.br/edital-preg-uespi-no-014-2026-cadastro-de-reserva-para-coordenadores-administrativos-locais-prilei/,UESPI,Universidade Estadual do Piauí,PI,UE,Editais,2026-07-26T10:02:51.122305+00:00
Comissão de Heteroidentificação publica convocatórias para bancas do SiSU+ e 9ª Chamada do SiSU 2026,2026-07-25,https://uepb.edu.br/comissao-de-heteroidentificacao-publica-convocatorias-para-bancas-do-sisu-e-9a-chamada-do-sisu-2026/,UEPB,Universidade Estadual da Paraíba,PB,UE,Notícias,2026-07-26T10:02:51.433629+00:00
Confira lista de inscrições homologadas da nova seleção para o auxílio permanência,2026-07-25,https://www2.ifal.edu.br/campus/penedo/noticias/confira-lista-de-inscricoes-homologadas-da-nova-selecao-para-o-auxilio-permanencia,IFAL,Instituto Federal de Alagoas,AL,IF,Geral,2026-07-26T10:02:54.725188+00:00
“Indústria em Perspectiva” estreia para discutir os rumos do setor produtivo,2026-07-27,https://jornal.usp.br/radio-usp/industria-em-perspectiva-estreia-para-discutir-os-rumos-do-setor-produtivo/,USP,Universidade de São Paulo,SP,UE,Carlos Eduardo de Freitas Vian,2026-07-27T11:27:13.170449+00:00
Trump intensifica pressão sobre a imprensa e ameaça a liberdade de expressão nos Estados Unidos,2026-07-27,https://jornal.usp.br/radio-usp/trump-intensifica-pressao-sobre-a-imprensa-e-ameaca-a-liberdade-de-expressao-nos-estados-unidos/,USP,Universidade de São Paulo,SP,UE,Carlos Eduardo Lins da Silva,2026-07-27T11:27:13.170503+00:00
AVISO: Manutenção no transformador de energia da Subestação da UEM,2026-07-26,https://www.uem.br/noticias-externas/noticias-uem/aviso-manutencao-no-transformador-de-energia-da,UEM,Universidade Estadual de Maringá,PR,UE,Geral,2026-07-27T11:27:14.142447+00:00
EDITAL PREG Nº 010/2026 – Resultado Preliminar da 3ª Etapa da Transferência Externa 2026.2 – Ciência da Computação Bloco 6 – Campus Poeta Torquato Neto,2026-07-27,https://uespi.br/edital-preg-no-010-2026-resultado-preliminar-da-3a-etapa-da-transferencia-externa-2026-2-ciencia-da-computacao-bloco-6-campus-poeta-torquato-neto/,UESPI,Universidade Estadual do Piauí,PI,UE,Editais,2026-07-27T11:27:14.176202+00:00
EDITAL NEAD/UESPI/UAB Nº 002/2025 – Convocação Nº 20 – Tutores Presenciais e a Distância dos Cursos de Licenciatura e Especialização – NEAD/UESPI,2026-07-27,https://uespi.br/edital-nead-uespi-uab-no-002-2025-convocacao-no-20-tutores-presenciais-e-a-distancia-dos-cursos-de-licenciatura-e-especializacao-nead-uespi/,UESPI,Universidade Estadual do Piauí,PI,UE,Editais,2026-07-27T11:27:14.176257+00:00
Convocação de candidata para entrega de documentos | Edital Nº 01/IFBA/PIBID/CAPES/2024,2026-07-27,https://portal.ifba.edu.br/valenca/noticias-2/defeso-eleitoral/convocacao-de-candidata-para-entrega-de-documentos-edital-no-01-ifba-pibid-capes-2024-1,IFBA,Instituto Federal da Bahia,BA,IF,Geral,2026-07-27T11:27:14.346006+00:00
Prepare-se para o maior evento acadêmico do ano no IFBA/Camaçari,2026-07-27,https://portal.ifba.edu.br/camacari/prepare-se-para-o-maior-evento-academico-do-ano-no-ifba-camacari,IFBA,Instituto Federal da Bahia,BA,IF,Geral,2026-07-27T11:27:14.346052+00:00
Professor do IFBA Simões Filho apresenta pesquisa na China,2026-07-27,https://portal.ifba.edu.br/simoes-filho/noticias-1/2026/professor-do-ifba-simoes-filho-apresenta-pesquisa-na-china,IFBA,Instituto Federal da Bahia,BA,IF,Geral,2026-07-27T11:27:14.346089+00:00
Revista Paraguaçu divulga chamada para publicação no Dossiê Libras em Foco,2026-07-27,https://ufrb.edu.br/portal/destaque-secundario/revista-paraguacu-divulga-chamada-para-publicacao-no-dossie-libras-em-foco/,UFRB,Universidade Federal do Recôncavo da Bahia,BA,UF,Destaque Secundário,2026-07-27T11:27:15.883332+00:00
UNIRIO recebe visita do secretário de Educação Superior do MEC,2026-07-26,https://www.unirio.br/news/unirio-recebe-visita-do-secretario-de-educacao-superior-do-ministerio-da-educacao-1,UNIRIO,Universidade Federal do Estado do Rio de Janeiro,RJ,UF,Geral,2026-07-27T11:27:16.326957+00:00
Nota de pesar - Luiz Denis da Silva,2026-07-26,https://unir.br/noticia/exibir/12055,UNIR,Universidade Federal de Rondônia,RO,UF,Geral,2026-07-27T11:27:16.541273+00:00
Encantarias em movimento: da Amazônia ao sudeste brasileiro,2026-07-27,https://jornal.usp.br/artigos/encantarias-em-movimento-da-amazonia-ao-sudeste-brasileiro/,USP,Universidade de São Paulo,SP,UE,Artigos,2026-07-28T10:38:30.501610+00:00
Educação: eixo estruturante da transição digital em saúde,2026-07-27,https://jornal.usp.br/artigos/educacao-eixo-estruturante-da-transicao-digital-em-saude/,USP,Universidade de São Paulo,SP,UE,Artigos,2026-07-28T10:38:30.501670+00:00
Revoltas estudantis na Índia e comparações com o Brasil,2026-07-27,https://jornal.usp.br/articulistas/otaviano-helene/revoltas-estudantis-na-india-e-comparacoes-com-o-brasil/,USP,Universidade de São Paulo,SP,UE,Otaviano Helene,2026-07-28T10:38:30.501737+00:00
O verdadeiro desafio é aprender,2026-07-27,https://jornal.usp.br/articulistas/marcos-buckeridge/o-verdadeiro-desafio-e-aprender/,USP,Universidade de São Paulo,SP,UE,Marcos Buckeridge,2026-07-28T10:38:30.501776+00:00
Curso de arteterapia para professores da rede pública e profissionais da saúde,2026-07-27,https://jornal.usp.br/campus-ribeirao-preto/curso-de-arteterapia-para-professores-da-rede-publica-e-profissionais-da-saude/,USP,Universidade de São Paulo,SP,UE,Campus Ribeirão Preto,2026-07-28T10:38:30.501854+00:00
Programa Bike SP tem inscrições que dão recompensa pelo uso da bicicleta em São Paulo,2026-07-27,https://jornal.usp.br/universidade/programa-bike-sp-tem-inscricoes-que-dao-recompensa-pelo-uso-da-bicicleta-em-sao-paulo/,USP,Universidade de São Paulo,SP,UE,Ações para comunidade,2026-07-28T10:38:30.501901+00:00
Oito em cada dez mulheres muçulmanas já foram alvo de islamofobia no Brasil,2026-07-27,https://jornal.usp.br/diversidade/oito-em-cada-dez-mulheres-muculmanas-ja-foram-alvo-de-islamofobia-no-brasil/,USP,Universidade de São Paulo,SP,UE,Diversidade,2026-07-28T10:38:30.501938+00:00
Simulado da Fuvest reúne mais de 12 mil estudantes em novo formato de prova,2026-07-27,https://jornal.usp.br/universidade/simulado-da-fuvest-reune-mais-de-12-mil-estudantes-em-novo-formato-de-prova/,USP,Universidade de São Paulo,SP,UE,Universidade,2026-07-28T10:38:30.502008+00:00
Corrida para antecipar doações de imóveis exige cautela diante da reforma tributária,2026-07-27,https://jornal.usp.br/radio-usp/corrida-para-antecipar-doacoes-de-imoveis-exige-cautela-diante-da-reforma-tributaria/,USP,Universidade de São Paulo,SP,UE,Jornal da USP no Ar,2026-07-28T10:38:30.502043+00:00
Temporal provoca danos em Ribeirão Preto e mobiliza força-tarefa para recuperação do campus,2026-07-27,https://jornal.usp.br/comunicados/temporal-provoca-danos-em-ribeirao-preto-e-mobiliza-forca-tarefa-para-recuperacao-do-campus/,USP,Universidade de São Paulo,SP,UE,Campus Ribeirão Preto,2026-07-28T10:38:30.502092+00:00
Curso gratuito oferece panorama da história da crítica de arte moderna no Brasil,2026-07-27,https://jornal.usp.br/universidade/curso-gratuito-oferece-panorama-da-historia-da-critica-de-arte-moderna-no-brasil/,USP,Universidade de São Paulo,SP,UE,Cursos,2026-07-28T10:38:30.502137+00:00
Julho Laranja entra no calendário nacional e reforça a importância do diagnóstico precoce de alterações craniofaciais,2026-07-27,https://jornal.usp.br/radio-usp/julho-laranja-entra-no-calendario-nacional-e-reforca-a-importancia-do-diagnostico-precoce-de-alteracoes-craniofaciais/,USP,Universidade de São Paulo,SP,UE,Jornal da USP no Ar,2026-07-28T10:38:30.502174+00:00
USP participates in international study investigating underdiagnosed genetic disease,2026-07-27,https://jornal.usp.br/uspnews/usp-participates-in-international-study-investigating-underdiagnosed-genetic-disease/,USP,Universidade de São Paulo,SP,UE,USP News,2026-07-28T10:38:30.502220+00:00
Sistema de saúde precisa se preparar para eventos climáticos extremos,2026-07-27,https://jornal.usp.br/radio-usp/sistema-de-saude-precisa-se-preparar-para-eventos-climaticos-extremos/,USP,Universidade de São Paulo,SP,UE,Colunistas,2026-07-28T10:38:30.502262+00:00
Férias sem excesso de telas: desafio exige limites e alternativas para as crianças,2026-07-27,https://jornal.usp.br/atualidades/ferias-sem-excesso-de-telas-desafio-exige-limites-e-alternativas-para-as-criancas/,USP,Universidade de São Paulo,SP,UE,Atualidades,2026-07-28T10:38:30.502294+00:00
"Reforma Tributária pode trazer mais eficiência, mas não resolve a complexa situação fiscal do Brasil",2026-07-27,https://jornal.usp.br/atualidades/reforma-tributaria-pode-trazer-mais-eficiencia-mas-nao-resolve-a-complexa-situacao-fiscal-do-brasil/,USP,Universidade de São Paulo,SP,UE,Atualidades,2026-07-28T10:38:30.502338+00:00
Falta de investimento na ciência e impactos ambientais aumentam o risco de novas pandemias,2026-07-27,https://jornal.usp.br/atualidades/falta-de-investimento-na-ciencia-e-impactos-ambientais-aumentam-o-risco-de-novas-pandemias/,USP,Universidade de São Paulo,SP,UE,Atualidades,2026-07-28T10:38:30.502384+00:00
Vibração e emoção marcam abertura da 11ª edição dos Jogos Intercampi do IFPE,2026-07-28,https://portal.ifpe.edu.br/noticias/emocao-e-espirito-esportivo-marcam-abertura-da-11a-edicao-dos-jogos-intercampi-do-ifpe/,IFPE,Instituto Federal de Pernambuco,PE,IF,Notícias,2026-07-28T10:38:30.719004+00:00
Acompanhe as Reclassificações do Ingresso 2026.2,2026-07-27,https://portal.ifpe.edu.br/noticias/acompanhe-as-reclassificacoes-do-ingresso-2026-2/,IFPE,Instituto Federal de Pernambuco,PE,IF,Notícias,2026-07-28T10:38:30.719048+00:00
Proext abre formulário para emissão de declarações para o RSC-TAE,2026-07-27,https://portal.ifpe.edu.br/noticias/proext-abre-formulario-para-emissao-de-declaracoes-para-o-rsc-tae/,IFPE,Instituto Federal de Pernambuco,PE,IF,Notícias,2026-07-28T10:38:30.719085+00:00
Conif promove IV Seminário Nacional de Educação Agrícola e do Campo,2026-07-27,https://portal.ifpe.edu.br/noticias/conif-promove-iv-seminario-nacional-de-educacao-agricola-e-do-campo/,IFPE,Instituto Federal de Pernambuco,PE,IF,Notícias,2026-07-28T10:38:30.719119+00:00
Prorrogado prazo para submissão em edital de projetos de Extensão,2026-07-27,https://portal.ifpe.edu.br/noticias/prorrogado-prazo-para-submissao-em-edital-de-projetos-de-extensao/,IFPE,Instituto Federal de Pernambuco,PE,IF,Notícias,2026-07-28T10:38:30.719150+00:00
IFSP apresenta cursos do Campus Jaçanã durante a 3ª audiência pública,2026-07-27,https://www.ifsp.edu.br/index.php/ultimas-noticias/6009-ifsp-apresenta-cursos-do-campus-jacana-durante-a-3-audiencia-publica,IFSP,Instituto Federal de São Paulo,SP,IF,Últimas notícias,2026-07-28T10:38:30.846702+00:00
Seleção de cursos técnicos 2026/2: confira o resultado final das matrículas da 1ª Chamada,2026-07-28,https://www.ifsp.edu.br/index.php/ultimas-noticias/6011-selecao-cursos-tecnicos-2026-2-confira-o-resultado-final-das-matriculas-da-1-chamada-2,IFSP,Instituto Federal de São Paulo,SP,IF,Últimas notícias,2026-07-28T10:38:30.846749+00:00
Edital nº 26/2026: IFSP abre inscrições para avaliação presencial de Português para estrangeiros,2026-07-27,https://www.ifsp.edu.br/index.php/ultimas-noticias/6010-edital-n-26-2026-ifsp-abre-inscricoes-para-avaliacao-presencial-de-portugues-para-estrangeiros,IFSP,Instituto Federal de São Paulo,SP,IF,Últimas notícias,2026-07-28T10:38:30.846835+00:00
Terceira audiência pública do Campus Serrana acontece em 14 de agosto,2026-07-27,https://www.ifsp.edu.br/index.php/ultimas-noticias/6007-terceira-audiencia-publica-do-campus-serrana-acontece-em-14-de-agosto,IFSP,Instituto Federal de São Paulo,SP,IF,Últimas notícias,2026-07-28T10:38:30.846873+00:00
Soluções digitais criadas por servidores otimizam rotinas administrativas no IFMG,2026-07-27,https://www.ifmg.edu.br/portal/noticias/solucoes-digitais-criadas-por-servidores-otimizam-rotinas-administrativas-no-ifmg,IFMG,Instituto Federal de Minas Gerais,MG,IF,Geral,2026-07-28T10:38:30.907514+00:00
"Codir: 4º Reunião ordinária será nesta terça-feira (28/07), pela manhã com transmissão online",2026-07-27,https://ifmt.edu.br/blog/codir-4o-reuniao-ordinaria-sera-nesta-terca-feira-28-07-pela-manha-com-transmissao-online/,IFMT,Instituto Federal do Mato Grosso,MT,IF,Destaques,2026-07-28T10:38:31.131634+00:00
IF Baiano abre inscrições para concurso de redação com premiação para estudantes,2026-07-27,https://ifbaiano.edu.br/portal/blog/if-baiano-abre-inscricoes-para-concurso-de-redacao-com-premiacao-para-estudantes/,IF Baiano,Instituto Federal Baiano,BA,IF,Destaque,2026-07-28T10:38:31.174943+00:00
EDITAL PROP/PREX Nº 013/2026 – Resultado Parcial (1º Lote) – Propostas Submetidas à PROP na Unidade FUESPI-PI/GAB/PROP/DP/EDITAL,2026-07-27,https://uespi.br/edital-prop-prex-no-013-2026-resultado-parcial-1o-lote-propostas-submetidas-a-prop-na-unidade-fuespi-pi-gab-prop-dp-edital/,UESPI,Universidade Estadual do Piauí,PI,UE,Editais,2026-07-28T10:38:31.802951+00:00
EDITAL PROP/PREX Nº 013/2026 – Retificação do Resultado Parcial (2º Lote) – Propostas Submetidas à PROP na Unidade FUESPI-PI/GAB/PROP/DP/EDITAL,2026-07-27,https://uespi.br/edital-prop-prex-no-013-2026-retificacao-do-resultado-parcial-2o-lote-propostas-submetidas-a-prop-na-unidade-fuespi-pi-gab-prop-dp-edital/,UESPI,Universidade Estadual do Piauí,PI,UE,Editais,2026-07-28T10:38:31.803003+00:00
EDITAL PREX/DAEC/SEE Nº 63/2026 – Termo Aditivo 02 – Estágio Não Obrigatório em Pedagogia – Campus Poeta Torquato Neto,2026-07-27,https://uespi.br/edital-prex-daec-see-no-63-2026-termo-aditivo-02-estagio-nao-obrigatorio-em-pedagogia-campus-poeta-torquato-neto/,UESPI,Universidade Estadual do Piauí,PI,UE,Editais,2026-07-28T10:38:31.803043+00:00
EDITAL PREG/UESPI Nº 016/2026 – Programa de Monitorias Remuneradas e Não Remuneradas – Seleção de Monitores para o 2º Semestre Letivo de 2026,2026-07-27,https://uespi.br/edital-preg-uespi-no-016-2026-programa-de-monitorias-remuneradas-e-nao-remuneradas-selecao-de-monitores-para-o-2o-semestre-letivo-de-2026/,UESPI,Universidade Estadual do Piauí,PI,UE,Editais,2026-07-28T10:38:31.803082+00:00
EDITAL PREX/DAEC/SEE Nº 60/2026 – Convocação para Estágio Não Obrigatório – Ciências da Computação – Campus Poeta Torquato Neto,2026-07-27,https://uespi.br/edital-prex-daec-see-no-60-2026-convocacao-para-estagio-nao-obrigatorio-de-ciencias-da-computacao-campus-poeta-torquato-neto/,UESPI,Universidade Estadual do Piauí,PI,UE,Editais,2026-07-28T10:38:31.803118+00:00
Cursinho Pré-Vestibular da UEM abre inscrições para o segundo semestre,2026-07-27,https://www.uem.br/noticias-externas/noticias-uem/cursinho-pre-vestibular-da-uem-abre-inscricoes,UEM,Universidade Estadual de Maringá,PR,UE,Geral,2026-07-28T10:38:32.000237+00:00
UPE alerta sobre Recadastramento Anual 2026 de servidores,2026-07-27,https://upe.br/upe-alerta-sobre-recadastramento-anual-2026-de-servidores/,UPE,Universidade de Pernambuco,PE,UE,Sem categoria,2026-07-28T10:38:32.018315+00:00
Adunicamp inicia levantamento sobre as condições de trabalho dos professores,2026-07-27,https://www.unicamp.br/noticias/2026/07/27/adunicamp-inicia-levantamento-sobre-as-condicoes-de-trabalho-dos-professores/,UNICAMP,Universidade Estadual de Campinas,SP,UE,Atualidades,2026-07-28T10:38:32.438826+00:00
UPA 2026 espera mais de 50 mil estudantes,2026-07-27,https://www.unicamp.br/noticias/2026/07/27/upa-2026-espera-mais-de-50-mil-estudantes/,UNICAMP,Universidade Estadual de Campinas,SP,UE,Atualidades,2026-07-28T10:38:32.438875+00:00
Ifac inicia nesta segunda-feira (27) as inscrições para os cursos do Programa Mulheres Mil + Cuidados,2026-07-27,https://www.ifac.edu.br/noticias/2026/julho/ifac-inicia-nesta-segunda-feira-27-07-as-inscricoes-para-os-cursos-do-programa-mulheres-mil-cuidados,IFAC,Instituto Federal do Acre,AC,IF,Geral,2026-07-28T10:38:32.863242+00:00
[Sisu] Divulgada lista de convocados da 2ª chamada do processo seletivo para os cursos de Medicina (vagas remanescentes) e Ciências Contábeis (vagas novas); Pré-matrícula nos dias 29 e 30/07,2026-07-27,https://unilab.edu.br/2026/07/27/sisu-divulgada-lista-de-convocados-da-2a-chamada-do-processo-seletivo-pra-o-curso-de-medicina-vagas-remanescentes-e-ciencias-contabeis-vagas-novas-pre-matricula-dias-29-e-30-07/,UNILAB,Universidade da Integração Internacional da Lusofonia Afro-Brasileira,CE,UF,Aluno,2026-07-28T10:38:33.547771+00:00
"Proex lança Edital Pibeac com 90 bolsas para projetos de extensão, arte e cultura",2026-07-27,https://unilab.edu.br/2026/07/27/proex-lanca-edital-pibeac-2027-com-90-bolsas-para-projetos-de-extensao-arte-e-cultura/,UNILAB,Universidade da Integração Internacional da Lusofonia Afro-Brasileira,CE,UF,Aluno,2026-07-28T10:38:33.547843+00:00
UFRB participa de iniciativa que promove Meetups de Inovação no Recôncavo Baiano,2026-07-27,https://ufrb.edu.br/portal/destaque-secundario/ufrb-participa-de-iniciativa-que-promove-meetups-de-inovacao-no-reconcavo-baiano/,UFRB,Universidade Federal do Recôncavo da Bahia,BA,UF,Destaque Secundário,2026-07-28T10:38:33.826514+00:00
Centro de Línguas abre prazo de matrículas,2026-07-27,https://www.ufg.br/n/203052-centro-de-linguas-abre-prazo-de-matriculas,UFG,Universidade Federal de Goiás,GO,UF,Geral,2026-07-28T10:38:33.922618+00:00
Troca de senha e verificação em 2 etapas elevam segurança digital,2026-07-27,https://www.ufg.br/n/203051-troca-de-senha-e-verificacao-em-2-etapas-elevam-seguranca-digital,UFG,Universidade Federal de Goiás,GO,UF,Geral,2026-07-28T10:38:33.922662+00:00
Pesquisa de satisfação sobre serviços da cantina do Ifal Arapiraca recebe contribuições até 07/08,2026-07-28,https://www2.ifal.edu.br/campus/arapiraca/noticias/pesquisa-de-satisfacao-sobre-servicos-da-cantina-do-ifal-arapiraca-recebe-contribuicoes-ate-07-08,IFAL,Instituto Federal de Alagoas,AL,IF,Geral,2026-07-28T10:38:33.950011+00:00
"Ifal realiza eleições para membros do Conselho de Ensino, Pesquisa e Extensão",2026-07-27,https://www2.ifal.edu.br/noticias/ifal-realiza-eleicoes-para-membros-do-conselho-de-ensino-pesquisa-e-extensao,IFAL,Instituto Federal de Alagoas,AL,IF,Geral,2026-07-28T10:38:33.950052+00:00
Boletim Informativo do Siass destaca obra de Sylvia Plath no Clube do Livro Entrelinhas,2026-07-27,https://www2.ifal.edu.br/noticias/boletim-informativo-do-siass-destaca-obra-de-sylvia-plath-no-clube-do-livro-entrelinhas,IFAL,Instituto Federal de Alagoas,AL,IF,Geral,2026-07-28T10:38:33.950086+00:00
Aperfeiçoamento em Educação em Direitos Humanos e Prevenção das Violências realiza aula inaugural,2026-07-27,https://www2.ifal.edu.br/noticias/aperfeicoamento-em-educacao-em-direitos-humanos-e-prevencao-das-violencias-realiza-aula-inaugural,IFAL,Instituto Federal de Alagoas,AL,IF,Geral,2026-07-28T10:38:33.950118+00:00
Ifal publica portaria com integrantes da comissão responsável pelo RSC,2026-07-27,https://www2.ifal.edu.br/noticias/ifal-publica-portaria-com-integrantes-da-comissao-responsavel-pelo-rsc,IFAL,Instituto Federal de Alagoas,AL,IF,Geral,2026-07-28T10:38:33.950169+00:00
Ifal-Benedito Bentes abre seleção para o programa Auxílio Permanência 2026.2,2026-07-27,https://www2.ifal.edu.br/campus/benedito/noticias/ifal-benedito-bentes-abre-selecao-para-o-programa-auxilio-permanencia-2026-3.1,IFAL,Instituto Federal de Alagoas,AL,IF,Geral,2026-07-28T10:38:33.950201+00:00
Estudantes dos campi São Miguel e Maragogi representam o Ifal na 78ª Reunião Anual da SBPC,2026-07-27,https://www2.ifal.edu.br/noticias/estudantes-dos-campi-sao-miguel-e-maragogi-representam-o-ifal-na-78a-reuniao-anual-da-sbpc,IFAL,Instituto Federal de Alagoas,AL,IF,Geral,2026-07-28T10:38:33.950234+00:00
Edital de concessão de óculos corretivo prorroga inscrições até 15/08,2026-07-27,https://www2.ifal.edu.br/campus/arapiraca/noticias/edital-de-concessao-de-oculos-corretivo-prorroga-inscricoes-ate-15-08,IFAL,Instituto Federal de Alagoas,AL,IF,Geral,2026-07-28T10:38:33.950264+00:00
UFDPar publica Resolução com Calendário Acadêmico do PARFOR EQUIDADE para os períodos letivos 2026.1 e 2026.2,2026-07-27,https://ufdpar.edu.br/UFDPar/ufdpar-publica-resolucao-com-calendario-academico-do-parfor-equidade-para-os-periodos-letivos-2026-1-e-2026.2,UFDPar,Universidade Federal do Delta do Parnaíba,PI,UF,Geral,2026-07-28T10:38:34.155545+00:00
Empresa Brasil de Comunicação S/A - EBC,2026-07-27,https://ufdpar.edu.br/UFDPar/empresa-brasil-de-comunicacao-s-a-ebc,UFDPar,Universidade Federal do Delta do Parnaíba,PI,UF,Geral,2026-07-28T10:38:34.155588+00:00
Resultado Final - Edital DCOM nº 001/2026 - Seleção de bolsista e voluntários(as) para atuação na comunicação institucional,2026-07-27,http://ufape.edu.br/node/8514,UFAPE,Universidade Federal do Agreste de Pernambuco,PE,UF,Geral,2026-07-28T10:38:34.179057+00:00
"Com sede na Ufes, seminário internacional de educação prorroga inscrições até o dia 12 de agosto",2026-07-27,https://ufes.br/conteudo/com-sede-na-ufes-seminario-internacional-de-educacao-prorroga-inscricoes-ate-o-dia-12-de,UFES,Universidade Federal do Espírito Santo,ES,UF,Geral,2026-07-28T10:38:34.461933+00:00
Departamento de Ciências Sociais abre inscrições para envio de logomarca alusiva a cinquentenário,2026-07-27,https://ufes.br/conteudo/departamento-de-ciencias-sociais-abre-inscricoes-para-envio-de-logomarca-alusiva,UFES,Universidade Federal do Espírito Santo,ES,UF,Geral,2026-07-28T10:38:34.461979+00:00
Concurso Público para Professor Efetivo - Medicina da Família e Comunidade,2026-07-27,https://portal.unila.edu.br/concursos/informes-concursos/concurso-publico-para-professor-efetivo-medicina-da-familia-e-comunidade,UNILA,Universidade Federal da Integração Latino-Americana,PR,UF,Geral,2026-07-28T10:38:34.611713+00:00
Concurso Público para Professor Efetivo - Medicina/Ginecologia e Obstetrícia,2026-07-27,https://portal.unila.edu.br/concursos/informes-concursos/concurso-publico-para-professor-efetivo-medicina-ginecologia-e-obstetricia,UNILA,Universidade Federal da Integração Latino-Americana,PR,UF,Geral,2026-07-28T10:38:34.611761+00:00
Concurso Público para Professor Efetivo - Mediação Cultural,2026-07-27,https://portal.unila.edu.br/concursos/informes-concursos/concurso-publico-para-professor-efetivo,UNILA,Universidade Federal da Integração Latino-Americana,PR,UF,concurso público,2026-07-28T10:38:34.611800+00:00
Dia da Mulher Negra Latino-Americana e Caribenha,2026-07-27,https://portal.unila.edu.br/informes/dia-da-mulher-negra-latino-americana-e-caribenha,UNILA,Universidade Federal da Integração Latino-Americana,PR,UF,servidores,2026-07-28T10:38:34.611867+00:00
Seleção de bolsistas e voluntários,2026-07-27,https://portal.unila.edu.br/informes/selecao-de-bolsistas-e-voluntarios-1,UNILA,Universidade Federal da Integração Latino-Americana,PR,UF,extensão,2026-07-28T10:38:34.611903+00:00
"Patrimônio Mundial Cultural, Theatro da Paz também faz parte da história da UFPA",2026-07-27,https://ufpa.br/patrimonio-mundial-cultural-theatro-da-paz-tambem-faz-parte-da-historia-da-ufpa/,UFPA,Universidade Federal do Pará,PA,UF,Notícias,2026-07-28T10:38:34.772364+00:00
"Programa de Educação Permanente em Saúde oferece curso de desenho, criatividade e bem-estar para crianças e adolescentes",2026-07-27,https://ufpa.br/programa-de-educacao-permanente-em-saude-oferece-curso-de-desenho-criatividade-e-bem-estar-para-criancas-e-adolescentes/,UFPA,Universidade Federal do Pará,PA,UF,Oportunidades,2026-07-28T10:38:34.772439+00:00
"Prorrogado prazo para submissão de trabalhos ao 4º Simpósio de Políticas Urbanas, Sociais e Ambientais da UFCA",2026-07-27,https://www.ufca.edu.br/noticias/prorrogado-prazo-para-submissao-de-trabalhos-ao-4o-simposio-de-politicas-urbanas-sociais-e-ambientais-da-ufca/,UFCA,Universidade Federal do Cariri,CE,UF,Institucional,2026-07-28T10:38:34.833270+00:00
Professor da Escola de Biblioteconomia ministra curso sobre Saci-Pererê para professores de arte em Araruama,2026-07-27,https://www.unirio.br/news/professor-da-escola-de-biblioteconomia-ministra-curso-sobre-saci-perere-para-professores-de-arte-em-araruama,UNIRIO,Universidade Federal do Estado do Rio de Janeiro,RJ,UF,Geral,2026-07-28T10:38:35.314044+00:00
Abertas inscrições para cursos de mestrado e doutorado em Memória Social,2026-07-27,https://www.unirio.br/news/abertas-inscricoes-para-cursos-de-mestrado-e-doutorado-em-memoria-social,UNIRIO,Universidade Federal do Estado do Rio de Janeiro,RJ,UF,Geral,2026-07-28T10:38:35.314089+00:00
Coordenador do NAI da UNIRIO recebe Medalha de Mérito em congresso internacional sobre Educação Inclusiva,2026-07-27,https://www.unirio.br/news/coordenador-do-nai-da-unirio-recebe-medalha-de-merito-em-congresso-internacional-sobre-educacao-inclusiva,UNIRIO,Universidade Federal do Estado do Rio de Janeiro,RJ,UF,Geral,2026-07-28T10:38:35.314128+00:00
UNIRIO avança na elaboração do Plano de Desenvolvimento Institucional 2027-2031,2026-07-27,https://www.unirio.br/news/unirio-avanca-na-elaboracao-do-plano-de-desenvolvimento-institucional-2027-2031,UNIRIO,Universidade Federal do Estado do Rio de Janeiro,RJ,UF,Geral,2026-07-28T10:38:35.314161+00:00
Cineclube Leila Ribeiro exibe ‘O Último Azul’ nesta quinta-feira (30),2026-07-27,https://www.unirio.br/news/cineclube-leila-ribeiro-exibe-2018o-ultimo-azul2019-nesta-quinta-feira-30,UNIRIO,Universidade Federal do Estado do Rio de Janeiro,RJ,UF,Geral,2026-07-28T10:38:35.314197+00:00
Prae publica Edital Unificado 2026.2 para auxílios e Bolsa de Incentivo Acadêmico,2026-07-27,https://www.unirio.br/news/prae-publica-edital-unificado-2026-2-para-auxilios-e-bolsa-de-incentivo-academico,UNIRIO,Universidade Federal do Estado do Rio de Janeiro,RJ,UF,Geral,2026-07-28T10:38:35.314230+00:00
Setor de Apoio Psicológico da UNIRIO promove Encontro Mensal com estudantes no dia 30 de julho,2026-07-27,https://www.unirio.br/news/setor-de-apoio-psicologico-da-unirio-promove-encontro-mensal-com-estudantes-no-dia-30-de-julho,UNIRIO,Universidade Federal do Estado do Rio de Janeiro,RJ,UF,Geral,2026-07-28T10:38:35.314264+00:00
Consepe realiza 467ª sessão ordinária nesta quinta-feira (30),2026-07-27,https://www.unirio.br/news/consepe-realiza-467a-sessao-ordinaria-nesta-quinta-feira-30,UNIRIO,Universidade Federal do Estado do Rio de Janeiro,RJ,UF,Geral,2026-07-28T10:38:35.314294+00:00
Defesas de TCC 2026.1 | Licenciatura em Computação,2026-07-28,https://portal.ifba.edu.br/valenca/noticias-2/defeso-eleitoral/defesas-de-tcc-2026-1-licenciatura-em-computacao,IFBA,Instituto Federal da Bahia,BA,IF,Geral,2026-07-28T10:38:35.692666+00:00
IFBA Campus Barreiras publica 1ª retificação do Pregão Eletrônico nº 90001/2026,2026-07-27,https://portal.ifba.edu.br/barreiras/ifba-campus-barreiras-publica-1a-retificacao-do-pregao-eletronico-no-90001-2026,IFBA,Instituto Federal da Bahia,BA,IF,Geral,2026-07-28T10:38:35.692710+00:00
IFBA Campus Barreiras publica 1ª retificação do Pregão Eletrônico nº 90001/2026,2026-07-27,https://portal.ifba.edu.br/barreiras/noticias-2026/julho/ifba-campus-barreiras-publica-1a-retificacao-do-pregao-eletronico-no-90001-2026,IFBA,Instituto Federal da Bahia,BA,IF,Geral,2026-07-28T10:38:35.692745+00:00
Inscrições abertas para seleção de monitoria voluntária no 19º FLIFS,2026-07-27,https://portal.ifba.edu.br/feira-de-santana/noticias/2026/inscricoes-abertas-para-selecao-de-monitoria-voluntaria-no-19o-flifs,IFBA,Instituto Federal da Bahia,BA,IF,Geral,2026-07-28T10:38:35.692778+00:00
SISU 2026 - 3ª Chamada - Ato Convocatório Campus Lauro de Freitas,2026-07-27,https://portal.ifba.edu.br/lauro-de-freitas/noticias-2/sisu-2026-3a-chamada-ato-convocatorio-campus-lauro-de-freitas-1,IFBA,Instituto Federal da Bahia,BA,IF,Geral,2026-07-28T10:38:35.692834+00:00
SISU 2026 - 3ª Chamada - Ato Convocatório para comprovação das Políticas de Ações Afirmativas no IFBA Campus Lauro de Freitas,2026-07-27,https://portal.ifba.edu.br/lauro-de-freitas/noticias-2/sisu-2026-3a-chamada-ato-convocatorio-campus-lauro-de-freitas,IFBA,Instituto Federal da Bahia,BA,IF,Geral,2026-07-28T10:38:35.692876+00:00
Divulgado Termo de Homologação das Inscrições para Evento Artístico/Cultural do IFBA,2026-07-27,https://portal.ifba.edu.br/conquista/divulgado-termo-de-homologacao-das-inscricoes-para-evento-artistico-cultural-do-ifba,IFBA,Instituto Federal da Bahia,BA,IF,Geral,2026-07-28T10:38:35.692910+00:00
IFBA divulga resultado parcial da seleção de mediadores pedagógicos para o curso de Formação de Professores em Línguas Indígenas de Sinais (LIS),2026-07-27,https://portal.ifba.edu.br/portoseguro/noticias-2/2026/ifba-divulga-resultado-parcial-da-selecao-de-mediadores-pedagogicos-para-o-curso-de-formacao-de-professores-em-linguas-indigenas-de-sinais-lis,IFBA,Instituto Federal da Bahia,BA,IF,Geral,2026-07-28T10:38:35.692955+00:00
"Especialização em Literatura, Ensino e Diversidade",2026-07-27,https://portal.ifba.edu.br/prpgi/cursos/especializacao/especializacao-em-literatura-ensino-e-diversidade,IFBA,Instituto Federal da Bahia,BA,IF,Geral,2026-07-28T10:38:35.692985+00:00
Pregão Eletrônico 90009/2025 tem novo prazo para recebimento de propostas,2026-07-27,https://portal.ifba.edu.br/eunapolis/noticias-2/defeso-eleitoral-2026/pregao-eletronico-90009-2025-tem-novo-prazo-para-recebimento-de-propostas,IFBA,Instituto Federal da Bahia,BA,IF,Geral,2026-07-28T10:38:35.693016+00:00
IFBA Campus Feira de Santana convoca candidatos da Lista de Espera do SISU 2026,2026-07-27,https://portal.ifba.edu.br/feira-de-santana/noticias/2026/ifba-campus-feira-de-santana-convoca-candidatos-da-lista-de-espera-do-sisu-2026,IFBA,Instituto Federal da Bahia,BA,IF,Geral,2026-07-28T10:38:35.693045+00:00
"IFBA campus Camaçari integra os eventos: IV Seminário de Pesquisa e Extensão, o VI Encontro de Computação, o XIII Encontro de Matemática e o Iº Encontro do Curso Técnico em Informática (Integrado)",2026-07-27,https://portal.ifba.edu.br/camacari/ifba-campus-camacari-integra-os-eventos-iv-seminario-de-pesquisa-e-extensao-o-vi-encontro-de-computacao-o-xiii-encontro-de-matematica-e-o-i-encontro-do-curso-tecnico-em-informatica-integrado,IFBA,Instituto Federal da Bahia,BA,IF,Geral,2026-07-28T10:38:35.693111+00:00
Pós-Graduação em História abre inscrições para mestrado e doutorado nesta segunda-feira (27),2026-07-27,https://ufpr.br/pos-graduacao-em-historia-abre-inscricoes-para-mestrado-e-doutorado-nesta-segunda-feira-27/,UFPR,Universidade Federal do Paraná,PR,UF,Destaque Ensino e Educação,2026-07-28T10:38:36.367419+00:00
Mestrado e Doutorado em Antropologia e Arqueologia da UFPR têm inscrições abertas,2026-07-27,https://ufpr.br/mestrado-e-doutorado-em-antropologia-e-arqueologia-da-ufpr-tem-inscricoes-abertas/,UFPR,Universidade Federal do Paraná,PR,UF,Destaque Ensino e Educação,2026-07-28T10:38:36.367466+00:00
Lobo-marinho-do-sul reabilitado retorna ao oceano com monitoramento por satélite no litoral do Paraná,2026-07-27,https://ufpr.br/lobo-marinho-do-sul-reabilitado-retorna-ao-oceano-com-monitoramento-por-satelite-no-litoral-do-parana/,UFPR,Universidade Federal do Paraná,PR,UF,Carrossel,2026-07-28T10:38:36.367505+00:00
UFSCar lança campanha para conhecer melhor sua comunidade,2026-07-28,https://www.ufscar.br/noticia?codigo=17110&id=ufscar-lanca-campanha-para-conhecer-melhor-sua-comunidade,UFSCar,Universidade Federal de São Carlos,SP,UF,Geral,2026-07-28T10:38:36.401799+00:00
UFSCar oferece programa gratuito para prevenir quedas em idosos,2026-07-28,https://www.ufscar.br/noticia?codigo=17109&id=ufscar-oferece-programa-gratuito-para-prevenir-quedas-em-idosos,UFSCar,Universidade Federal de São Carlos,SP,UF,Geral,2026-07-28T10:38:36.402051+00:00
Banda Sinfônica da UFSM foi destaque em evento internacional no Rio de Janeiro,2026-07-27,https://www.ufsm.br/2026/07/27/banda-sinfonica-da-ufsm-foi-destaque-em-evento-internacional-no-rio-de-janeiro,UFSM,Universidade Federal de Santa Maria,RS,UF,Cultura,2026-07-28T10:38:36.724995+00:00
IFF Campos Guarus abre inscrições para processo seletivo de nivelamento do Celiff para o segundo semestre de 2026,2026-07-27,https://portal1.iff.edu.br/nossos-campi/campos-guarus/noticias/iff-campos-guarus-abre-inscricoes-para-processo-seletivo-de-nivelamento-do-celiff-para-o-segundo-semestre-de-2026,IFF,Instituto Federal Fluminense,RJ,IF,Geral,2026-07-28T10:38:36.780427+00:00
IFF inicia processo de elaboração do Plano de Desenvolvimento de Pessoas 2027,2026-07-27,https://portal1.iff.edu.br/banners-outros/banners-2026/iff-inicia-processo-de-elaboracao-do-plano-de-desenvolvimento-de-pessoas-2027,IFF,Instituto Federal Fluminense,RJ,IF,Geral,2026-07-28T10:38:36.780481+00:00
Unapi abre inscrições para pessoas com 60 anos para o segundo semestre,2026-07-27,https://www.ufms.br/unapi-abre-inscricoes-para-pessoas-com-60-anos-para-o-segundo-semestre/,UFMS,Universidade Federal de Mato Grosso do Sul,MS,UF,Notícias,2026-07-28T10:38:38.148197+00:00
Estudo reforça que autismo resulta da interação entre múltiplos genes,2026-07-27,https://www.ufms.br/estudo-reforca-que-autismo-resulta-da-interacao-entre-multiplos-genes/,UFMS,Universidade Federal de Mato Grosso do Sul,MS,UF,Pesquisa e Extensão,2026-07-28T10:38:38.148244+00:00
Abertura da ExpoT&C e Ato Contra o Feminicídio marcam primeiro dia da SBPC,2026-07-27,https://www.uff.br/27-07-2026/abertura-da-expotc-e-ato-contra-o-feminicidio-marcam-primeiro-dia-da-sbpc/?utm_source=rss&utm_medium=rss&utm_campaign=abertura-da-expotc-e-ato-contra-o-feminicidio-marcam-primeiro-dia-da-sbpc,UFF,Universidade Federal Fluminense,RJ,UF,Notícias institucionais,2026-07-28T10:38:39.087576+00:00
Grande público marca abertura da 78ª Reunião Anual da SBPC na UFF,2026-07-27,https://www.uff.br/27-07-2026/grande-publico-marca-abertura-da-78a-reuniao-anual-da-sbpc-na-uff/?utm_source=rss&utm_medium=rss&utm_campaign=grande-publico-marca-abertura-da-78a-reuniao-anual-da-sbpc-na-uff,UFF,Universidade Federal Fluminense,RJ,UF,Notícias institucionais,2026-07-28T10:38:39.087626+00:00
Primeiro dia de competições dos Jogos intercampi 2026 contou com medalhas e celebrações,2026-07-29,https://portal.ifpe.edu.br/noticias/primeiro-dia-de-competicoes-dos-jogos-intercampi-do-ifpe-2026-teve-medalhas-e-sorrisos/,IFPE,Instituto Federal de Pernambuco,PE,IF,Notícias,2026-07-29T10:41:40.226181+00:00
Seleção de cursos técnicos 2026/2: vagas remanescentes,2026-07-28,https://www.ifsp.edu.br/index.php/ultimas-noticias/6012-selecao-de-cursos-tecnicos-2026-2-vagas-remanescentes,IFSP,Instituto Federal de São Paulo,SP,IF,Últimas notícias,2026-07-29T10:41:40.494675+00:00
“É papo de”: uma nova construção do nosso português,2026-07-28,https://jornal.usp.br/articulistas/marcelo-modolo-e-henrique-braga/e-papo-de-uma-nova-construcao-do-nosso-portugues/,USP,Universidade de São Paulo,SP,UE,Marcelo Módolo e Henrique Braga,2026-07-29T10:41:40.534574+00:00
"Disciplina articula sala de aula invertida, IA e curricularização da extensão",2026-07-28,https://jornal.usp.br/artigos/disciplina-articula-sala-de-aula-invertida-ia-e-curricularizacao-da-extensao/,USP,Universidade de São Paulo,SP,UE,Artigos,2026-07-29T10:41:40.534613+00:00
Sustentabilidade como projeto de futuro,2026-07-28,https://jornal.usp.br/artigos/sustentabilidade-como-projeto-de-futuro/,USP,Universidade de São Paulo,SP,UE,Artigos,2026-07-29T10:41:40.534637+00:00
Arqueólogas transformam arte rupestre em aventura científica para crianças em novo livro,2026-07-28,https://jornal.usp.br/universidade/arqueologas-transformam-arte-rupestre-em-aventura-cientifica-para-criancas-em-novo-livro/,USP,Universidade de São Paulo,SP,UE,Universidade,2026-07-29T10:41:40.534661+00:00
Evento na USP em Bauru debate as novidades da medicina de emergência,2026-07-28,https://jornal.usp.br/universidade/evento-na-usp-em-bauru-apresenta-as-novidades-da-medicina-de-emergencia/,USP,Universidade de São Paulo,SP,UE,Eventos,2026-07-29T10:41:40.534684+00:00
Curso internacional reúne estudantes de 24 países para discutir futuro da produção de alimentos,2026-07-28,https://jornal.usp.br/universidade/curso-internacional-reune-estudantes-de-24-paises-para-discutir-futuro-da-producao-de-alimentos/,USP,Universidade de São Paulo,SP,UE,Universidade,2026-07-29T10:41:40.534708+00:00
USP em São Carlos recebe feira que conecta universidades e mercado de trabalho,2026-07-28,https://jornal.usp.br/universidade/usp-em-sao-carlos-recebe-feira-que-conecta-universidades-e-mercado-de-trabalho/,USP,Universidade de São Paulo,SP,UE,Eventos,2026-07-29T10:41:40.534731+00:00
IMC materno antes e durante a gestação pode influenciar o peso das crianças,2026-07-28,https://jornal.usp.br/noticias/imc-materno-antes-e-durante-a-gestacao-pode-influenciar-o-peso-das-criancas/,USP,Universidade de São Paulo,SP,UE,Jornal da USP no Ar,2026-07-29T10:41:40.534754+00:00
Aumento de ciclovias e parques incentiva ciclismo como meio de transporte,2026-07-28,https://jornal.usp.br/radio-usp/aumento-de-ciclovias-e-parques-incentiva-ciclismo-como-meio-de-transporte/,USP,Universidade de São Paulo,SP,UE,Jornal da USP no Ar,2026-07-29T10:41:40.534775+00:00
French government honors USP professor with the Order of Agricultural Merit,2026-07-28,https://jornal.usp.br/uspnews/french-government-honors-usp-professor-with-the-order-of-agricultural-merit/,USP,Universidade de São Paulo,SP,UE,USP News,2026-07-29T10:41:40.534796+00:00
Como perdas na visão afetam saúde mental e autonomia dos idosos,2026-07-28,https://jornal.usp.br/atualidades/como-perdas-na-visao-afetam-saude-mental-e-autonomia-dos-idosos/,USP,Universidade de São Paulo,SP,UE,Atualidades,2026-07-29T10:41:40.534817+00:00
Maior área de controle de poluição de navios é criada no Atlântico: entenda impactos na saúde e economia,2026-07-28,https://jornal.usp.br/atualidades/maior-area-de-controle-de-poluicao-de-navios-e-criada-no-atlantico-entenda-impactos-na-saude-e-economia/,USP,Universidade de São Paulo,SP,UE,Atualidades,2026-07-29T10:41:40.534839+00:00
Tese da USP propõe guia para valorizar o trabalhador na transição para a Indústria 5.0,2026-07-28,https://jornal.usp.br/ciencias/tese-da-usp-propoe-guia-para-valorizar-o-trabalhador-na-transicao-para-a-industria-5-0/,USP,Universidade de São Paulo,SP,UE,Ciências,2026-07-29T10:41:40.534860+00:00
Pesquisadores descobrem que sensores da pressão arterial atuam na resposta imunológica,2026-07-28,https://jornal.usp.br/campus-ribeirao-preto/pesquisadores-descobrem-que-sensores-da-pressao-arterial-atuam-na-resposta-imunologica/,USP,Universidade de São Paulo,SP,UE,Campus Ribeirão Preto,2026-07-29T10:41:40.534881+00:00
Corrida para antecipar doações de imóveis exige cautela diante da Reforma Tributária,2026-07-28,https://jornal.usp.br/atualidades/corrida-para-antecipar-doacoes-de-imoveis-exige-cautela-diante-da-reforma-tributaria/,USP,Universidade de São Paulo,SP,UE,Atualidades,2026-07-29T10:41:40.534902+00:00
IFMT lança Guia de Linguagem Simples para democratizar acesso à informação,2026-07-28,https://ifmt.edu.br/blog/ifmt-lanca-guia-de-linguagem-simples-para-democratizar-acesso-a-informacao/,IFMT,Instituto Federal do Mato Grosso,MT,IF,Destaques,2026-07-29T10:41:40.873331+00:00
Entenda o que muda na comunicação institucional do IF Baiano durante o Defeso Eleitoral,2026-07-28,https://ifbaiano.edu.br/portal/entenda-o-que-muda-na-comunicacao-institucional-do-if-baiano-durante-o-defeso-eleitoral/,IF Baiano,Instituto Federal Baiano,BA,IF,Destaque,2026-07-29T10:41:40.916290+00:00
IF Baiano abre inscrições para concurso de redação com premiação para estudantes,2026-07-27,https://ifbaiano.edu.br/portal/if-baiano-abre-inscricoes-para-concurso-de-redacao-com-premiacao-para-estudantes/,IF Baiano,Instituto Federal Baiano,BA,IF,Destaque,2026-07-29T10:41:40.916327+00:00
Prêmio Mérito Extensionista do IFRS abre inscrições em 31 de julho,2026-07-28,https://ifrs.edu.br/premio-merito-extensionista-do-ifrs-abre-inscricoes-em-31-de-julho/,IFRS,Instituto Federal do Rio Grande do Sul,RS,IF,Extensão,2026-07-29T10:41:40.993365+00:00
IFBA Feira de Santana convoca candidatos para a 2ª chamada dos cursos técnicos subsequentes (2026.2),2026-07-28,https://portal.ifba.edu.br/feira-de-santana/noticias/2026/ifba-feira-de-santana-convoca-candidatos-para-a-2a-chamada-dos-cursos-tecnicos-subsequentes-2026-2,IFBA,Instituto Federal da Bahia,BA,IF,Geral,2026-07-29T10:41:41.193979+00:00
IFBA Campus Barreiras publica edital de atualização cadastral do Programa de Assistência Estudantil 2026,2026-07-28,https://portal.ifba.edu.br/barreiras/noticias-2026/julho/ifba-campus-barreiras-publica-edital-de-atualizacao-cadastral-do-programa-de-assistencia-estudantil-2026,IFBA,Instituto Federal da Bahia,BA,IF,Geral,2026-07-29T10:41:41.194016+00:00
Edital nº 03/2026 - Processo Simplificado de Atualização Cadastral do Programa de Assistência Estudantil (PAE) 2026,2026-07-28,https://portal.ifba.edu.br/barreiras/edital-no-03-2026-processo-simplificado-de-atualizacao-cadastral-do-programa-de-assistencia-estudantil-pae-2026,IFBA,Instituto Federal da Bahia,BA,IF,Geral,2026-07-29T10:41:41.194042+00:00
Edital nº 03/2026 - Processo Simplificado de Atualização Cadastral do Programa de Assistência Estudantil (PAE) 2026,2026-07-28,https://portal.ifba.edu.br/barreiras/institucional3/editais-2026-1/edital-no-03-2026-processo-simplificado-de-atualizacao-cadastral-do-programa-de-assistencia-estudantil-pae-2026,IFBA,Instituto Federal da Bahia,BA,IF,Geral,2026-07-29T10:41:41.194065+00:00
10ª Semana de Matemática foi realizada no IFBA Campus Barreiras,2026-07-28,https://portal.ifba.edu.br/barreiras/noticias-2026/julho/10a-semana-de-matematica-foi-realizada-no-ifba-campus-barreiras,IFBA,Instituto Federal da Bahia,BA,IF,Geral,2026-07-29T10:41:41.194093+00:00
Aluno do IFBA Simões Filho ganha duas medalhas em olimpíadas acadêmicas,2026-07-28,https://portal.ifba.edu.br/simoes-filho/noticias-1/2026/aluno-do-ifba-simoes-filho-ganha-duas-medalhas-em-olimpiadas-academicas,IFBA,Instituto Federal da Bahia,BA,IF,Geral,2026-07-29T10:41:41.194114+00:00
Resultado Preliminar da Seleção de Propostas do Edital nº 17/2026 é divulgado,2026-07-28,https://portal.ifba.edu.br/conquista/resultado-preliminar-da-selecao-de-propostas-do-edital-no-17-2026-e-divulgado,IFBA,Instituto Federal da Bahia,BA,IF,Geral,2026-07-29T10:41:41.194134+00:00
Defesas e qualificação de TCC 2026.1 | Licenciatura em Matemática,2026-07-28,https://portal.ifba.edu.br/valenca/noticias-2/defeso-eleitoral/defesas-e-qualificacao-de-tcc-2026-1-licenciatura-em-matematica,IFBA,Instituto Federal da Bahia,BA,IF,Geral,2026-07-29T10:41:41.194157+00:00
Campus Valença realiza quinta edição do Simulado ENEM,2026-07-28,https://portal.ifba.edu.br/valenca/noticias-2/defeso-eleitoral/campus-valenca-realiza-quinta-edicao-do-simulado-enem,IFBA,Instituto Federal da Bahia,BA,IF,Geral,2026-07-29T10:41:41.194176+00:00
"IFBA Euclides da Cunha abre chamada complementar para vagas remanescentes do Clube de Leitura ""Entre Páginas e Resistências""",2026-07-28,https://portal.ifba.edu.br/euclides-da-cunha/ifba-euclides-da-cunha-abre-chamada-complementar-para-vagas-remanescentes-do-clube-de-leitura-entre-paginas-e-resistencias,IFBA,Instituto Federal da Bahia,BA,IF,Geral,2026-07-29T10:41:41.194198+00:00
Campus Salvador: Revista Artífices abre chamada para dossiê sobre Inteligência Artificial,2026-07-28,https://portal.ifba.edu.br/dgcom/defeso-eleitoral/noticiasdefeso2026/campus-salvador-revista-artifices-abre-chamada-para-dossie-sobre-inteligencia-artificial,IFBA,Instituto Federal da Bahia,BA,IF,Geral,2026-07-29T10:41:41.194218+00:00
Campus Jacobina: Educação Midiática e Letramento Informacional é tema de webinário,2026-07-28,https://portal.ifba.edu.br/dgcom/defeso-eleitoral/noticiasdefeso2026/campus-jacobina-educacao-midiatica-e-letramento-informacional-e-tema-de-webinario,IFBA,Instituto Federal da Bahia,BA,IF,Geral,2026-07-29T10:41:41.194237+00:00
EDITAL PREG/UESPI Nº 013/2026 – PRILEI – Relatório Final da Análise Curricular por Disciplina (Didática) – Licenciatura em Letras Português – Campus Heróis do Jenipapo – (Campo Maior – PI),2026-07-28,https://uespi.br/edital-preg-uespi-no-013-2026-relatorio-final-da-analise-curricular-por-disciplina-selecao-de-professores-bolsistas-prilei/,UESPI,Universidade Estadual do Piauí,PI,UE,Editais,2026-07-29T10:41:41.473054+00:00
EDITAL PREG/UESPI Nº 013/2026 – Resultado dos Recursos contra a Avaliação Curricular – Seleção de Professores Bolsistas – PRILEI,2026-07-28,https://uespi.br/edital-preg-uespi-no-013-2026-resultado-dos-recursos-contra-a-avaliacao-curricular-selecao-de-professores-bolsistas-prilei/,UESPI,Universidade Estadual do Piauí,PI,UE,Editais,2026-07-29T10:41:41.473092+00:00
EDITAL PROP/PREX/UESPI Nº 012/2026 – Resultado Final (1º Lote) – Propostas Submetidas à PROP por meio da Unidade SEI FUESPI-PI/GAB/PROP/DP/EDITAL,2026-07-28,https://uespi.br/edital-prop-prex-uespi-no-012-2026-resultado-final-1o-lote-propostas-submetidas-a-prop-por-meio-da-unidade-sei-fuespi-pi-gab-prop-dp-edital/,UESPI,Universidade Estadual do Piauí,PI,UE,Editais,2026-07-29T10:41:41.473122+00:00
EDITAL PROP/PREX Nº 012/2026 – Resultado Parcial (1º Lote) – Propostas Submetidas à PROP na Unidade FUESPI-PI/GAB/PROP/DP/EDITAL,2026-07-28,https://uespi.br/edital-prop-prex-no-012-2026-resultado-parcial-1o-lote-propostas-submetidas-a-prop-na-unidade-fuespi-pi-gab-prop-dp-edital/,UESPI,Universidade Estadual do Piauí,PI,UE,Editais,2026-07-29T10:41:41.473147+00:00
UEM lamenta morte do reitor da Universidade Estadual do Norte do Paraná,2026-07-28,https://www.uem.br/noticias-externas/noticias-uem/uem-lamenta-morte-do-reitor-da-universidade,UEM,Universidade Estadual de Maringá,PR,UE,Geral,2026-07-29T10:41:41.560706+00:00
UEM realiza evento de Engenharia de Alimentos em agosto no Câmpus Maringá,2026-07-28,https://www.uem.br/noticias-externas/noticias-uem/uem-realiza-evento-de-engenharia-de-alimentos-em,UEM,Universidade Estadual de Maringá,PR,UE,Geral,2026-07-29T10:41:41.560738+00:00
CNPq e Ministério da Cultura abrem seleção para implantação de incubadoras de Economia Criativa,2026-07-28,https://upe.br/cnpq-e-ministerio-da-cultura-abrem-selecao-para-implantacao-de-incubadoras-de-economia-criativa/,UPE,Universidade de Pernambuco,PE,UE,Sem categoria,2026-07-29T10:41:41.622477+00:00
Divulgadas listas das Bancas de Heteroidentificação da 9ª Chamada do SiSU 2026 e 2ª Chamada do SiSU+ 2026,2026-07-28,https://uepb.edu.br/divulgadas-listas-das-bancas-de-heteroidentificacao-da-9a-chamada-do-sisu-2026-e-2a-chamada-do-sisu-2026/,UEPB,Universidade Estadual da Paraíba,PB,UE,Notícias,2026-07-29T10:41:41.749308+00:00
Matrícula Web 2026.2 para estudantes veteranos começa nesta quinta (30),2026-07-28,https://ufob.edu.br/noticias/matricula-web-2026-2-para-estudantes-veteranos-comeca-nesta-quinta-30,UFOB,Universidade Federal do Oeste da Bahia,BA,UF,Geral,2026-07-29T10:41:42.048506+00:00
Inscrições nos editais de Internacionalização do Programa Capes Global.Edu vão até sexta (31),2026-07-28,https://ufob.edu.br/noticias/inscricoes-nos-editais-de-internacionalizacao-do-programa-capes-global-edu-vao-ate-sexta-31,UFOB,Universidade Federal do Oeste da Bahia,BA,UF,Geral,2026-07-29T10:41:42.048572+00:00
Resultado preliminar das inscrições de bolsistas da pós-graduação,2026-07-28,https://uerr.edu.br/resultado-preliminar-das-inscricoes-de-bolsistas-da-pos-graduacao/,UERR,Universidade Estadual de Roraima,RR,UE,Últimas,2026-07-29T10:41:42.321405+00:00
Campus Tarauacá realiza matrículas de vagas remanescentes do curso de Gestão do Agronegócio,2026-07-28,https://www.ifac.edu.br/noticias/2026/julho/campus-tarauaca-realiza-matriculas-de-vagas-remanescentes-do-curso-de-gestao-do-agronegocio,IFAC,Instituto Federal do Acre,AC,IF,Geral,2026-07-29T10:41:42.334078+00:00
UFRB prorroga inscrições para transferência interna na graduação até 29/7,2026-07-28,https://ufrb.edu.br/portal/destaque-primario/ufrb-prorroga-inscricoes-para-transferencia-interna-na-graduacao-ate-29-7/,UFRB,Universidade Federal do Recôncavo da Bahia,BA,UF,Destaque Primário,2026-07-29T10:41:42.944191+00:00
"UFRB prorroga, até 29/7, inscrições da seleção para segundo ciclo da graduação",2026-07-28,https://ufrb.edu.br/portal/destaque-primario/ufrb-prorroga-ate-29-7-inscricoes-da-selecao-para-segundo-ciclo-da-graduacao/,UFRB,Universidade Federal do Recôncavo da Bahia,BA,UF,Destaque Primário,2026-07-29T10:41:42.944228+00:00
UFRB divulga prazos e orientações para matrícula de veteranos(as) da graduação e da pós-graduação,2026-07-28,https://ufrb.edu.br/portal/destaque-secundario/ufrb-divulga-prazos-e-orientacoes-para-matricula-de-veteranosas-da-graduacao-e-da-pos-graduacao-2/,UFRB,Universidade Federal do Recôncavo da Bahia,BA,UF,Destaque Secundário,2026-07-29T10:41:42.944255+00:00
Últimos dias de inscrições abertas: Vestibular UFG 2027,2026-07-28,https://www.ufg.br/n/203080-ultimos-dias-de-inscricoes-abertas-vestibular-ufg-2027,UFG,Universidade Federal de Goiás,GO,UF,Geral,2026-07-29T10:41:43.069441+00:00
Peça estrelada por Armando Babaioff chega ao Teatro Universitário em agosto. Ingressos à venda,2026-07-28,https://ufes.br/conteudo/peca-estrelada-por-armando-babaioff-chega-ao-teatro-universitario-em-agosto-ingressos,UFES,Universidade Federal do Espírito Santo,ES,UF,Geral,2026-07-29T10:41:43.271223+00:00
Livros de dois professores da Ufes chegam à final do Prêmio Jabuti Acadêmico,2026-07-28,https://ufes.br/conteudo/livros-de-dois-professores-da-ufes-chegam-final-do-premio-jabuti-academico,UFES,Universidade Federal do Espírito Santo,ES,UF,Geral,2026-07-29T10:41:43.271256+00:00
PREC divulga resultado preliminar PIBEX e PIBAC 2026,2026-07-28,http://ufape.edu.br/node/8518,UFAPE,Universidade Federal do Agreste de Pernambuco,PE,UF,Geral,2026-07-29T10:41:43.380728+00:00
Nota Institucional sobre a conclusão de Processo Administrativo Disciplinar,2026-07-28,http://ufape.edu.br/node/8517,UFAPE,Universidade Federal do Agreste de Pernambuco,PE,UF,Geral,2026-07-29T10:41:43.380762+00:00
Homologação de Chapas inscritas do EDITAL Nº 01/2026 - CONVOCAÇÃO DA ELEIÇÃO DO(A) COORDENADOR(A) E DO(A) SUBSTITUTO(A) EVENTUAL DO PROGRAMA DE PÓS-GRADUAÇÃO EM CIÊNCIAS AMBIENTAIS (PPCIAM),2026-07-28,http://ufape.edu.br/node/8516,UFAPE,Universidade Federal do Agreste de Pernambuco,PE,UF,Geral,2026-07-29T10:41:43.380792+00:00
Publicada 7ª chamada de candidatos aprovados no Sisu+. Envio da documentação segue até o dia 30 de julho,2026-07-28,https://www.ufca.edu.br/noticias/publicada-7a-chamada-de-candidatos-aprovados-no-sisu-envio-da-documentacao-segue-ate-o-dia-30-de-julho/,UFCA,Universidade Federal do Cariri,CE,UF,Seleções,2026-07-29T10:41:43.397913+00:00
Gestão superior assina termo de acordo com sindicato dos TAEs para reposição da greve,2026-07-28,https://ufdpar.edu.br/UFDPar/noticias-1/gestao-superior-assina-termo-de-acordo-com-sindicato-dos-taes-para-reposicao-da-greve,UFDPar,Universidade Federal do Delta do Parnaíba,PI,UF,Geral,2026-07-29T10:41:43.691420+00:00
"Aviso de Contratação direta N° 161/2026 - Contratação de de duas tabelas oficiais de basquetebol, do tipo móvel/portátil, com sistema hidráulico e padrão FIBA",2026-07-28,https://ufdpar.edu.br/UFDPar/aviso-de-contratacao-direta-ndeg-161-2026-contratacao-de-de-duas-tabelas-oficiais-de-basquetebol-do-tipo-movel-portatil-com-sistema-hidraulico-e-padrao-fiba,UFDPar,Universidade Federal do Delta do Parnaíba,PI,UF,Geral,2026-07-29T10:41:43.691456+00:00
UFPA e Inpe discutem novas parcerias científicas para a Amazônia,2026-07-28,https://ufpa.br/ufpa-e-inpe-discutem-novas-parcerias-cientificas-para-a-amazonia/,UFPA,Universidade Federal do Pará,PA,UF,Notícias,2026-07-29T10:41:43.930712+00:00
UFPA participa da elaboração de caderno nacional com orientações para fortalecer a permanência de mães quilombolas nas universidades,2026-07-28,https://ufpa.br/ufpa-participa-da-elaboracao-de-caderno-nacional-com-orientacoes-para-fortalecer-a-permanencia-de-maes-quilombolas-nas-universidades/,UFPA,Universidade Federal do Pará,PA,UF,Notícias,2026-07-29T10:41:43.930750+00:00
Incamp comemora 25 anos como referência em incubação de empresas de base tecnológica,2026-07-28,https://parque.inova.unicamp.br/incamp-comemora-25-anos-como-referencia-em-incubacao-de-empresas-de-base-tecnologica/?utm_source=wordpress&utm_medium=noticias&utm_campaign=site-inova-unicamp,UNICAMP,Universidade Estadual de Campinas,SP,UE,Atualidades,2026-07-29T10:41:43.997899+00:00
Solicitação de Passe Veicular definitivo (Itaipu Parquetec),2026-07-28,https://portal.unila.edu.br/prefeitura-universitaria/operacoes/solicitacao-de-passe-veicular-definitivo-itaipu-parquetec,UNILA,Universidade Federal da Integração Latino-Americana,PR,UF,Geral,2026-07-29T10:41:44.094852+00:00
Professor da UNIRIO ministra palestra na Rio Innovation Week,2026-07-28,https://www.unirio.br/news/professor-da-unirio-ministra-palestra-na-rio-innovation-week,UNIRIO,Universidade Federal do Estado do Rio de Janeiro,RJ,UF,Geral,2026-07-29T10:41:44.197077+00:00
Professora emérita da UNIRIO recebe Medalha Mérito Santos Dumont da Força Aérea Brasileira,2026-07-28,https://www.unirio.br/news/professora-emerita-da-unirio-recebe-medalha-merito-santos-dumont-da-forca-aerea-brasileira,UNIRIO,Universidade Federal do Estado do Rio de Janeiro,RJ,UF,Geral,2026-07-29T10:41:44.197113+00:00
Livro de professora da UNIRIO é finalista do Prêmio Jabuti Acadêmico,2026-07-28,https://www.unirio.br/news/livo-de-professora-da-unirio-e-finalista-do-premio-jabuti-academico,UNIRIO,Universidade Federal do Estado do Rio de Janeiro,RJ,UF,Geral,2026-07-29T10:41:44.197139+00:00
IFF Itaperuna abre 50 vagas para reingresso em seus cursos de graduação,2026-07-28,https://portal1.iff.edu.br/nossos-campi/itaperuna/noticias/iff-itaperuna-abre-50-vagas-para-reingresso-em-seus-cursos-de-graduacao,IFF,Instituto Federal Fluminense,RJ,IF,Geral,2026-07-29T10:41:44.255977+00:00
IFF Cabo Frio publica Relatório de Gestão 2025,2026-07-28,https://portal1.iff.edu.br/nossos-campi/cabo-frio/iff-cabo-frio-publica-relatorio-de-gestao-2025,IFF,Instituto Federal Fluminense,RJ,IF,Geral,2026-07-29T10:41:44.256010+00:00
UNIR abre inscrições para exame de proficiência em português para estrangeiros,2026-07-28,https://unir.br/noticia/exibir/12056,UNIR,Universidade Federal de Rondônia,RO,UF,Geral,2026-07-29T10:41:44.611863+00:00
"Engenheiro Miguel Baéz, ex-aluno da UNIFEI, é o novo presidente da ANDE",2026-07-28,https://unifei.edu.br/engenheiro-miguel-baez-ex-aluno-da-unifei-e-o-novo-presidente-da-ande/,UNIFEI,Universidade Federal de Itajubá,MG,UF,Administração Central,2026-07-29T10:41:44.853979+00:00
Chamada Pública – Feira Artes & Ofício da Unifei,2026-07-27,https://unifei.edu.br/chamada-publica-feira-artes-oficio-da-unifei/,UNIFEI,Universidade Federal de Itajubá,MG,UF,Unifei Informa,2026-07-29T10:41:44.854016+00:00
"Programa Idiomas sem Fronteiras oferece vagas para cursos gratuitos de inglês, espanhol e português",2026-07-28,https://www.ufms.br/programa-idiomas-sem-fronteiras-oferece-vagas-para-cursos-gratuitos-de-ingles-espanhol-e-portugues/,UFMS,Universidade Federal de Mato Grosso do Sul,MS,UF,Notícias,2026-07-29T10:41:44.975594+00:00
Inscrições para cursos gratuitos de francês até 3 de agosto,2026-07-28,https://www.ufms.br/inscricoes-para-cursos-gratuitos-de-frances-ate-3-de-agosto/,UFMS,Universidade Federal de Mato Grosso do Sul,MS,UF,Notícias,2026-07-29T10:41:44.975628+00:00
Encontro Nacional da Enactus Brasil reúne mais de 900 estudantes e profissionais na UFMS,2026-07-27,https://www.ufms.br/encontro-nacional-da-enactus-brasil-reune-mais-de-900-estudantes-e-profissionais-na-ufms/,UFMS,Universidade Federal de Mato Grosso do Sul,MS,UF,Notícias,2026-07-29T10:41:44.975675+00:00
UFRR receberámissão acadêmica de professor da Université Clermont Auvergne e fortalece cooperação científica internacional,2026-07-28,https://ufrr.br/noticias/ufrr-receberamissao-academica-de-professor-da-universite-clermont-auvergne-e-fortalece-cooperacao-cientifica-internacional/,UFRR,Universidade Federal de Roraima,RR,UF,Notícias,2026-07-29T10:41:45.350950+00:00
Inscrições para participação e submissão de trabalhos na VII Semana dos Povos Indígenas da UFRR seguem abertas no mês de agosto,2026-07-28,https://ufrr.br/noticias/inscricoes-para-participacao-e-submissao-de-trabalhos-na-vii-semana-dos-povos-indigenas-da-ufrr-seguem-abertas-no-mes-de-agosto/,UFRR,Universidade Federal de Roraima,RR,UF,Notícias,2026-07-29T10:41:45.350987+00:00
UFRR abre seleção com seis vagas para estágio de doutorado-sanduíche em instituição estrangeira de ensino,2026-07-28,https://ufrr.br/noticias/ufrr-abre-selecao-com-seis-vagas-para-estagio-de-doutorado-sanduiche-em-instituicao-estrangeira-de-ensino/,UFRR,Universidade Federal de Roraima,RR,UF,Notícias,2026-07-29T10:41:45.351013+00:00
HDT-UFNT reforça a importância do diagnóstico precoce e da prevenção para o combate das hepatites virais,2026-07-28,https://ufnt.edu.br/2026/07/28/hdt-ufnt-reforca-a-importancia-do-diagnostico-precoce-e-da-prevencao-para-o-combate-das-hepatites-virais/,UFNT,Universidade Federal do Norte do Tocantins,TO,UF,Notícias,2026-07-29T10:41:45.444842+00:00
"UFPB vai sediar 79ª Reunião Anual da SBPC, em 2027",2026-07-28,https://www.ufpb.br/noticias/ufpb-vai-sediar-79a-reuniao-anual-da-sbpc-em-2027/,UFPB,Universidade Federal da Paraíba,PB,UF,Notícias,2026-07-29T10:41:45.458589+00:00
"UFPB empossa 74 novos servidores para fortalecer atividades de ensino, pesquisa, extensão e gestão",2026-07-28,https://www.ufpb.br/noticias/ufpb-empossa-74-novos-servidores-para-fortalecer-atividades-de-ensino-pesquisa-extensao-e-gestao/,UFPB,Universidade Federal da Paraíba,PB,UF,Notícias,2026-07-29T10:41:45.458624+00:00
Programa de Pós-Graduação em Ecologia e Sustentabilidade abre seleção para mestrado com 21 vagas,2026-07-28,https://www.ufpb.br/oportunidades/programa-de-pos-graduacao-em-ecologia-e-sustentabilidade-abre-selecao-para-mestrado-com-21-vagas/,UFPB,Universidade Federal da Paraíba,PB,UF,Oportunidades,2026-07-29T10:41:45.458654+00:00
UFPB recebe até o dia 28 de agosto inscrições para vagas ociosas nos cursos de graduação,2026-07-28,https://www.ufpb.br/oportunidades/ufpb-recebe-ate-o-dia-28-de-agosto-inscricoes-para-vagas-ociosas-nos-cursos-de-graduacao/,UFPB,Universidade Federal da Paraíba,PB,UF,Oportunidades,2026-07-29T10:41:45.458678+00:00
Projeto de extensão da UFPB oferece aulas de Kendo para a comunidade,2026-07-28,https://www.ufpb.br/noticias/projeto-de-extensao-da-ufpb-oferece-aulas-de-kendo-para-a-comunidade/,UFPB,Universidade Federal da Paraíba,PB,UF,Notícias,2026-07-29T10:41:45.458700+00:00
Especialista do HU-UFSCar orienta sobre toxoplasmose na gravidez,2026-07-29,https://www.ufscar.br/noticia?codigo=17111&id=especialista-do-hu-ufscar-orienta-sobre-toxoplasmose-na-gravidez,UFSCar,Universidade Federal de São Carlos,SP,UF,Geral,2026-07-29T10:41:45.646334+00:00
UFSM projeta túnel de vento para apoiar pesquisas aerodinâmicas de universidade chilena,2026-07-28,https://www.ufsm.br/2026/07/28/ufsm-projeta-tunel-de-vento-para-apoiar-pesquisas-aerodinamicas-de-universidade-chilena,UFSM,Universidade Federal de Santa Maria,RS,UF,Tecnologia,2026-07-29T10:41:45.879471+00:00
Professores da UFSM apresentam pesquisas em simpósio internacional de Química Analítica Ambiental na Costa Rica,2026-07-28,https://www.ufsm.br/2026/07/28/professores-da-ufsm-apresentam-pesquisas-em-simposio-internacional-de-quimica-analitica-ambiental-na-costa-rica,UFSM,Universidade Federal de Santa Maria,RS,UF,Internacional,2026-07-29T10:41:45.879508+00:00
Processo seletivo para chefia da Unidade de Nutrição Clínica do HUSM está com inscrições abertas,2026-07-28,https://www.ufsm.br/2026/07/28/processo-seletivo-para-chefia-da-unidade-de-nutricao-clinica-do-husm-esta-com-inscricoes-abertas,UFSM,Universidade Federal de Santa Maria,RS,UF,Funcionalismo,2026-07-29T10:41:45.879534+00:00
UNEB informa sobre instabilidade do Sistema Eletrônico de Informações (SEI Bahia),2026-07-28,https://portal.uneb.br/2026/07/28/uneb-informa-sobre-instabilidade-do-sistema-eletronico-de-informacoes-sei-bahia-2/,UNEB,Universidade do Estado da Bahia,BA,UE,Institucional,2026-07-29T10:41:45.888265+00:00
Obras da Editora UFPR e de dois professores da instituição são finalistas do 3º Prêmio Jabuti Acadêmico,2026-07-28,https://ufpr.br/obras-da-editora-ufpr-e-de-dois-professores-da-instituicao-sao-finalistas-do-3o-premio-jabuti-academico/,UFPR,Universidade Federal do Paraná,PR,UF,Destaque Extensão e Cultura,2026-07-29T10:41:47.704889+00:00
UFPR lamenta o falecimento do servidor Marcelo Alves Blitzkow,2026-07-28,https://ufpr.br/ufpr-lamenta-o-falecimento-do-servidor-marcelo-alves-blitzkow/,UFPR,Universidade Federal do Paraná,PR,UF,UFPR,2026-07-29T10:41:47.704923+00:00
Curso de ensino médio que forma profissionais para o mercado de petróleo e gás abre seleção para 2027,2026-07-28,https://ufpr.br/curso-de-ensino-medio-que-forma-profissionais-para-o-mercado-de-petroleo-e-gas-abre-selecao-para-2027/,UFPR,Universidade Federal do Paraná,PR,UF,Destaque Ensino e Educação,2026-07-29T10:41:47.704951+00:00
UFPR lamenta falecimento da estudante Isabela Macanhan Sarai,2026-07-28,https://ufpr.br/ufpr-lamenta-falecimento-da-estudante-isabela-macanhan-sarai/,UFPR,Universidade Federal do Paraná,PR,UF,UFPR,2026-07-29T10:41:47.704972+00:00
"Conferências, premiações e atividades culturais movimentam o segundo dia da SBPC na UFF",2026-07-29,https://www.uff.br/28-07-2026/conferencias-premiacoes-e-atividades-culturais-movimentam-o-segundo-dia-da-sbpc-na-uff/?utm_source=rss&utm_medium=rss&utm_campaign=conferencias-premiacoes-e-atividades-culturais-movimentam-o-segundo-dia-da-sbpc-na-uff,UFF,Universidade Federal Fluminense,RJ,UF,Notícias institucionais,2026-07-29T10:41:48.291988+00:00
